"TÊN CƠ SỞ","ĐỊA CHỈ KINH DOANH","MÃ SỐ ĐKKD","SỐ CN ATTP","NGÀY CẤP","NGÀY HẾT HẠN "
"Công ty TNHH MTV Mexican Choice","40A Nguyễn Thiện Kế","0401917643","387/2022/ATTP-CNĐK","11/07/2022","11/07/2025"
"Cơ sở 1 - Công ty TNHH MTV Phân phối Thực phẩm Ngọc Khánh","195/8C Nguyễn Văn Thoại","0401899232","388/2022/ATTP-ĐNa","11/07/2022","11/07/2025"
"Địa điểm kinh doanh 13 - Chi nhánh Công ty cổ phần Dịch vụ cà phê Cao Nguyên tại Đà Nẵng","179 Núi Thành","0309965814-003","389/2022/ATTP-CNĐK","11/07/2022","11/07/2025"
"Công ty TNHH SX-TM & DV PHAN PHÚ","85 Lê Văn Thứ","0401184555","390/2022/ATTP-CNĐK","11/07/2022","11/07/2025"
"Công ty TNHH Thực phẩm Châu Phạm","K654/18 Trưng Nữ Vương","0402147059","391/2022/ATTP-ĐNa","11/07/2022","11/07/2025"
"Quán Nghĩa III - Công ty TNHH Một thành viên Nghĩa Thống Gia","Lô số B7- Khu B1,Khu dân cư An Hòa","0401562888","392/2022/ATTP-CNĐK","11/07/2022","11/07/2025"
"Địa điểm kinh doanh Winmart+ ĐNG 155 - Chi nhánh Đà Nẵng - Công ty Cổ phần dịch vụ thương mại tổng hợp Wincommerce","572 Lê Văn Hiến","0104918404-009","395/GCNATTP-ATTP","11/07/2022","11/07/2025"
"Công ty TNHH MTV Danang Today","10 Hùng Vương","0401849746","396/2022/ATTP-CNĐK","11/07/2022","11/07/2025"
"Công ty TNHH Yến Linh Dana","260 Võ Nguyên Giáp","0402150291","397/2022/ATTP-CNĐK","11/07/2022","11/07/2025"
"Công ty cổ phần Bất động sản Hải Hoàng - Địa điểm kinh doanh Bình Định quán 4","165 Yên Thế","0401804872","398/2022/ATTP-CNĐK","11/07/2022","11/07/2025"
"Công ty TNHH Maad City","Lô 28-29 Nguyễn Văn Thoại","0402148937","399/2022/ATTP-CNĐK","11/07/2022","11/07/2025"
"Công ty TNHH Thương mại và Du lịch Dotravel","347 Nguyễn Văn Linh","0402016144","400/2022/ATTP-ĐNa","11/07/2022","11/07/2025"
"Chi nhánh tại Đà Nẵng - Công ty TNHH Sản xuất Thương mại Rau quả Thực phẩm an toàn","Lô 617-618-619 B2.27 Trần Nam Trung","0311668061-002","383/2022/ATTP-CNĐK","07/07/2022","07/07/2025"
"Chi nhánh Công ty TNHH Line Vina tại Đà Nẵng","12 Hà Chương","5801420862","384/2022/ATTP-CNĐK","07/07/2022","07/07/2025"
"Công ty Cổ phần Thương mại Quốc tế Hải Ngoại","Bép ăn tập thể Công ty TNHH Bao bì nước giải khát Crown, Lô K, Khu công nghiệp Liên Chiểu","0401670192","385/2022/ATTP-CNĐK","07/07/2022","07/07/2025"
"Công ty cổ phần Bất động sản Hải Hoàng","Lô 16-B1 Nguyễn Sinh Sắc","0401804872","386/2022/ATTP-CNĐK","07/07/2022","07/07/2025"
"Nhà hàng tiệc cưới Anh Hoàng Long - Công ty TNHH MTV Thương mại và Dịch vụ Mộc Mộc Phát","Lô 17B2-6 KDC sô 4 Nguyễn Tri Phương","0401902238","381/2022/ATTP-CNĐK","06/07/2022","06/07/2025"
"Địa điểm kinh doanh Winmart+ ĐNG 105 - Chi nhánh Đà Nẵng - Công ty Cổ phần dịch vụ thương mại tổng hợp Wincommerce","69 Nguyễn Hoàng","0104918404-009","373/GCNATTP-ATTP","05/07/2022","05/07/2025"
"Công ty TNHH TM & DV Đại Ngân Hà","27 Nguyễn Chí Thanh","0402149338","380/2022/ATTP-CNĐK","05/07/2022","05/07/2025"
"Chi nhánh 5 - Công ty cổ phần Quê Việt","51 Võ Nguyên Giáp","0400480826-006","382/2022/ATTP-CNĐK","05/07/2022","05/07/2025"
"Địa điểm kinh doanh - Công ty cổ phần Dịch vụ Nhà ga Quốc tế Đà Nẵng - Phòng chờ CIP Orchid Lounge","Vị trí C-D-27-35, khu cách ly ga đi quốc tế tầng lững, sân bay Quốc tế Đà Nẵng","0401801656","370/2022/ATTP-CNĐK","04/07/2022","04/07/2025"
"Công ty TNHH Thương mại Dịch vụ Nhà hàng SOS - Chi nhánh Đà Nẵng","01 đường 30/4","0313018580-002","371/2022/ATTP-CNĐK","04/07/2022","04/07/2025"
"An Nam - Địa điểm kinh doanh Công ty TNHH Hà Minh Thiên","280E Trưng Nữ Vương","0402151295","372/2022/ATTP-CNĐK","04/07/2022","04/07/2025"
"Nhà hàng Tokyo thu nhỏ tại Bà Nà - Công ty TNHH thức ăn và đồ uống Bốn Chú","Thôn An Sơn","0401784256","374/2022/ATTP-CNĐK","04/07/2022","04/07/2025"
"Công ty TNHH Khuê Thịnh Phát","Lô số 18 khu C6, Khu dân cư An Cư 5","0402143569","375/2022/ATTP-CNĐK","04/07/2022","04/07/2025"
"Cơ sở sản xuất - Công ty TNHH Thực phẩm Hoàng Long Nam","134 Nguyễn Nhược Pháp","0401820338","376/GCNATTP-ATTP","04/07/2022","04/07/2025"
"Địa điểm kinh doanh Temple Danang Beach Club - Công ty TNHH Phát triển Hoàng Đế","11 Võ Nguyên Giáp","0401796036","377/2022/ATTP-CNĐK","04/07/2022","04/07/2025"
"Công ty TNHH Phát Sơn Thiên","Lô B01,2,3 Phạm Văn Đồng","0401541158","378/GCNATTP-ATTP","04/07/2022","04/07/2025"
"Địa điểm kinh doanh An Khê - Công ty TNHH Một thành viên Thương mại và Dịch vụ Hiếu Nhã","27 An Xuân","0401849993","379/2022/ATTP-ĐNa","04/07/2022","04/07/2025"
"Nhà hàng Bulgogi - Địa điểm kinh doanh Công ty TNHH thức ăn và đồ uống Bốn Chú","Đối diện Quảng trường Beer Plaza - đỉnh núi Bà Nà, thôn An Sơn","0401784256","369/2022/ATTP-CNĐK","01/07/2022","01/07/2025"
"Công ty TNHH Dịch vụ ẩm thực Gradeli","Lô A37, đường 30/4","0401938160","341/2022/ATTP-CNĐK","30/06/2022","30/06/2025"
"Hộ kinh doanh Huỳnh Phước Hai","Lô 18-B2.2 KDC Phía nam Khu phố chợ Hòa Hải mở rộng, đường Trần Đại Nghĩa","32D8008843","358/2022/ATTP-CNĐK","30/06/2022","30/06/2025"
"Địa điểm kinh doanh 03 - Công ty TNHH MTV Khai Lộ","bãi biển Mỹ An - đối diện 288 Võ Nguyên Giáp","0401591705","364/2022/ATTP-CNĐK","30/06/2022","30/06/2025"
"Công ty TNHH Đầu tư và Thương mại Kim Phú An","Lô H1-10 Phạm Văn Đồng","0402149144","365/2022/ATTP-CNĐK","30/06/2022","30/06/2025"
"Địa điểm kinh doanh Chi nhánh Công ty cổ phần Sóng Việt tại Đà Nẵng","Cảng Hàng Không Quốc tế Đà Nẵng","0304994949-003","366/2022/ATTP-CNĐK","30/06/2022","30/06/2025"
"Chi nhánh Công ty TNHH Quốc Việt Anh tại Đà Nẵng","Tầng trêt, TTTM Lotte Mart Đà Nẵng, 06 Nại Nam","0313237800-007","367/2022/ATTP-CNĐK","30/06/2022","30/06/2025"
"Địa điểm kinh doanh - Chi nhánh Công ty TNHH Thực phẩm & nước giải khát Ý Tưởng Việt tại thành phố Đà Nẵng - Cửa hàng The Hill","Tầng trệt của Khách sạn Morin, Cụm đỉnh trung tâm thuộc quần thể khu du lịch sinh thái Bà Nà Suối Mơ","0312065210-011","368/2022/ATTP-CNĐK","30/06/2022","30/06/2025"
"Chi nhánh Công ty TNHH Pizza Việt Nam tại thành phố Đà Nẵng","62 Nguyễn Văn Thoại","0303902751-009","359/2022/ATTP-CNĐK","27/06/2022","27/06/2025"
"Địa điểm kinh doanh số 1- Công ty TNHH MTV Maycao","83 Lương Hữu Khánh","0402098098","360/2022/ATTP-CNĐK","27/06/2022","27/06/2025"
"Cửa hàng The Pizza Company Đà Nẵng 02 - Công ty cổ phần Pizza Ngon","173 Nguyễn Văn Thoại","0104115527","361/2022/ATTP-CNĐK","27/06/2022","27/06/2025"
"Công ty TNHH MTV Đào tạo Ẩm thực chuyên nghiệp ""Nấm"" tại thành phố Đà Nẵng","Căng tin tại Chi nhánh Công ty Cổ phần Đầu tư phát triển giáo dục VTCE tại Đà Nẵng, 130 Điện Biên Phủ","0401729914","362/2022/ATTP-CNĐK","27/06/2022","27/06/2025"
"Công ty TNHH MTV Nông Bảo Ngọc","819 Ngô Quyền","0401793571","363/2022/ATTP-ĐNa","27/06/2022","27/06/2025"
"Hộ kinh doanh Đại Phát","66 Vũ Miên, thôn Miếu Bông","32F8008026","351/2022/ATTP-CNĐK","22/06/2022","22/06/2025"
"Địa Điểm Kinh Doanh Phúc Long ĐNG 87 - KS - Chi nhánh Đà Nẵng - Công ty Cổ phần Phúc Long Heritage","114 Quang Trung","0316871719-002","352/2022/ATTP-CNĐK","22/06/2022","22/06/2025"
"Địa điểm kinh doanh Chi nhánh Công ty TNHH Jollibee Việt Nam tại thành phố Đà Nẵng - Cửa hàng thức ăn nhanh Jollibee Thanh Khê","47 Nguyễn Đức Trung","0303883266-012","353/2022/ATTP-CNĐK","22/06/2022","22/06/2025"
"Địa điểm kinh doanh Winmart+ ĐNG 95 - Chi nhánh Đà Nẵng - Công ty Cổ phần dịch vụ thương mại tổng hợp Wincommerce","220 Thanh Thủy","0104918404-009","354/GCNATTP-ATTP","22/06/2022","22/06/2025"
"Địa Điểm Kinh Doanh Phúc Long ĐNG 84 - KS - Chi nhánh Đà Nẵng - Công ty Cổ phần Phúc Long Heritage","297-299 đường 29-3","0316871719-002","355/2022/ATTP-CNĐK","22/06/2022","22/06/2025"
"Địa điểm kinh doanh Công ty TNHH Le Doan Inc - Rainbowl Poke","02 An Thượng 32","0401877895","356/2022/ATTP-CNĐK","22/06/2022","22/06/2022"
"Địa Điểm Kinh Doanh Phúc Long ĐNG 94 - KS - Chi nhánh Đà Nẵng - Công ty Cổ phần Phúc Long Heritage","47 Dương Loan","0316871719-002","357/2022/ATTP-CNĐK","22/06/2022","22/06/2025"
"Công ty TNHH Tinh hoa Ẩm thực Việt Nam","141 Đỗ Bá","0402147404","342/2022/ATTP-CNĐK","21/06/2022","21/06/2025"
"Công ty cổ phần Thương mại Quốc tế Hải Ngoại","Bếp ăn tập thể Công ty TNHH Kane-M Đà Nẵng, đường số 6, KCN Hòa Khánh","0401670192","343/2022/ATTP-CNĐK","21/06/2022","21/06/2025"
"Công ty TNHH Nhà hàng Biwon","Lô F01-F02 (số 29) đường Morrison, Khu dân cư An Cư","0401796660","344/2022/ATTP-CNĐK","21/06/2022","21/06/2025"
"Công ty TNHH Cung ứng thực phẩm Gia Phúc","84 Hàm Nghi","0402126838","345/GCNATTP-ATTP","21/06/2022","21/06/2025"
"Địa Điểm Kinh Doanh Phúc Long ĐNG 85 - KS - Chi nhánh Đà Nẵng - Công ty Cổ phần Phúc Long Heritage","159-161 Quách Thị Trang","0316871719-002","346/2022/ATTP-CNĐK","21/06/2022","21/06/2025"
"Công ty TNHH Đặng Lành Seafood","05 Bạch Thái Bưởi","0402138696","347/2022/ATTP-ĐNa","21/06/2022","21/06/2025"
"Địa điểm kinh doanh Quán Cô Hồng 2 - Công ty TNHH MTV TMDV Hồng Phát Khang","103 Nguyễn Văn Thoại","0402093935","348/2022/ATTP-CNĐK","21/06/2022","21/06/2025"
"Địa điểm kinh doanh K-Mart - Công ty TNHH Phát Sơn Thiên","436 Võ Nguyên Giáp","0401541158","349/GCNATTP-ATTP","21/06/2022","21/06/2025"
"Công ty TNHH Việt Đà Noni","15-17 An Cư 6","0401959403","350/2022/ATTP-ĐNa","21/06/2022","21/06/2025"
"Công ty TNHH Quốc tế Bản sắc Việt","81 Phó Đức Chính","0402148091","338/2022/ATTP-ĐNa","17/06/2022","17/06/2025"
"Địa điểm kinh doanh Công ty TNHH Le Doan Inc","45-47 An Thượng 2","0401877895","339/2022/ATTP-CNĐK","17/06/2022","17/06/2025"
"Địa điểm kinh doanh Winmart+ ĐNG 21 - Chi nhánh Đà Nẵng - Công ty Cổ phần dịch vụ thương mại tổng hợp Wincommerce","Số 131 Lê Văn Hiến","0104918404-009","340/GCNATTP-ATTP","17/06/2022","17/06/2025"
"Chi nhánh Công ty Cổ phần Thương mại Dịch vụ Cổng Vàng tại Đà Nẵng - J&B Coffee","L4-K1+K2 TTTM Vincom Đà Nẵng, đường Ngô Quyền","0102721191-029","334/2022/ATTP-CNĐK","15/06/2022","15/06/2025"
"Công ty Cổ phần Thương mại Quốc tế Hải Ngọai","Bếp ăn tập thể Công ty TNHH Sinaran Việt Nam, Lô 22-28 Khu Công nghiệp Đà Nẵng","0401670192","309/2022/ATTP-CNĐK","14/06/2022","14/06/2025"
"Địa điểm kinh doanh số 07 - Công ty cổ phần chăn nuôi CP Việt Nam - Chi nhánh 1 tại Đà Nẵng","Lô 25 tờ bản đồ số 7, khu phố chợ Hòa Phong","3600224423-006","326/2022/ATTP-ĐNa","14/06/2022","14/06/2025"
"Công ty TNHH Đồng Vĩnh Thịnh - Tàu Rồng Sông Hàn","Đường 2/9","0401468772","331/2022/ATTP-CNĐK","14/06/2022","14/06/2025"
"Địa điểm kinh doanh - Chi nhánh Công ty cổ phần Thương mại Dịch vụ Cổng Vàng tại Đà Nẵng - Nhà hàng Kichi Kichi","L4-15+16 TTTM Vincom Đà Nẵng","0102721191-029","332/2022/ATTP-CNĐK","14/06/2022","14/06/2025"
"Chi nhánh Công ty cổ phần Thương mại Dịch vụ Cổng Vàng - Nhà hàng Gogi House","L4-19+20 tại TTTM Vincom Đà Nẵng, đường Ngô Quyền","0102721191-029","333/2022/ATTP-CNĐK","14/06/2022","14/06/2025"
"Nhà hàng Mr Anh - Công ty TNHH An Thạnh","340 Ông Ích Khiêm","0400542007","335/2022/ATTP-CNĐK","14/06/2022","14/06/2025"
"Địa điểm kinh doanh Nhà hàng The Noodle House 5 - Công ty cổ phần G81 Noodle House","66 Nguyễn Văn Linh","0109850446","336/2022/ATTP-CNĐK","14/06/2022","14/06/2025"
"Nhà hàng Làng Nghệ - Công ty TNHH MTV Tư vấn Đầu tư GFDI - Địa điểm kinh doanh","119 Lê Lợi","0401899419","337/2022/ATTP-CNĐK","14/06/2022","14/06/2025"
"Công ty TNHH Khang Bảo An - Thọ Tây Bắc","An Ngãi Tây 2","0402064370","325/2022/ATTP-CNĐK","08/06/2022","08/06/2025"
"Công ty TNHH Sản xuất và Thương mại Cát Tường Foods","27 Hòa An 9","0402134980","327/2022/ATTP-ĐNa","08/06/2022","08/06/2025"
"Địa điểm kinh doanh số 06 - Công ty cổ phần chăn nuôi C.P. Việt Nam - Chi nhánh 1 tại Đà Nẵng","139 Kỳ Đồng","3600224423-006","328/2022/ATTP-ĐNa","08/06/2022","08/06/2025"
"Chi nhánh Công ty cổ phần Thương mại Dịch vụ Cổng Vàng tại Đà Nẵng - Nhà hàng Manwah","L4-10+11 TTTM Vincom Đà Nẵng, đường Ngô Quyền","0102721191-029","329/2022/ATTP-CNĐK","08/06/2022","08/06/2025"
"Địa điểm kinh doanh số 08 - Công ty cổ phần chăn nuôi C.P. Việt Nam - Chi nhánh 1 tại Đà Nẵng","lô C-87 khu dân cư số 01 khu đo thị mới đường Nguyễn Tri Phương","3600224423-006","330/2022/ATTP-ĐNa","08/06/2022","08/06/2025"
"Địa điểm kinh doanh-Metal-Công tyTNHH Dana Fine Foods","155A Lê Thanh Nghị","0402043846","304/2022/ATTP-CNĐK","07/06/2022","07/06/2025"
"Công ty TNHH Du lịch - Dịch vụ Làng Nguồn","Thôn Nam Yên","0402087755","313/2022/ATTP-CNĐK","07/06/2022","07/06/2025"
"Địa điểm kinh doanh Thái Phong Lâm - Công ty TNHH Thái Phong Lâm","Thửa đất số 2, tờ bản đồ số B2-29 Khu Đô thị sinh thái ven sông Hòa Xuân-Giai Đoạn 1A","0402089382","314/2022/ATTP-CNĐK","07/06/2022","07/06/2025"
"Công ty TNHH Vũ Huy Hưng","102 Nguyễn Tri Phương","0401690618","315/2022/ATTP-CNĐK","07/06/2022","07/06/2025"
"Công ty TNHH Ông Béo Quán","Lô 24 khu dân cư B3-1, khu dân cư khách sạn căn hộ và thương mại dịch vụ 2/9","0401981208","316/2022/ATTP-CNĐK","07/06/2022","07/06/2025"
"Công ty cổ phần Ong mật ong Trà My","325/6 Hùng Vương","0401187789","317/2022/ATTP-ĐNa","07/06/2022","07/06/2025"
"Cửa hàng thức ăn nhanh Lotteria Phan Châu Trinh - Chi nhánh Công ty TNHH Lotteria Việt Nam tại thành phố Đà Nẵng","92A Phan Châu Trinh,","0300644051-004","318/2022/ATTP-CNĐK","07/06/2022","07/06/2025"
"Công ty TNHH TM DV TLD","119-121 Hoàng Kế Viêm","0402042232","319/2022/ATTP-CNĐK","07/06/2022","07/06/2025"
"Công ty TNHH Nước tinh khiết Đà Nẵng","25/1 Ngũ Hành Sơn","0402144481","320/2022/ATTP-CNĐK","07/06/2022","07/06/2025"
"Công ty Cổ phần Dịch vụ Cáp treo Bà Nà","Thôn An Sơn","0400585547","321/2022/ATTP-CNĐK","07/06/2022","07/06/2025"
"Công ty TNHH Bình Giang","Lô 2+3 A7.3 Khu Công viên Bắc Tương đài","0400485905","322/2022/ATTP-CNĐK","07/06/2022","07/06/2025"
"Công ty TNHH MTV Mango Garden","Lô 01-02-B2.1 Võ Nguyên Giáp","0402146947","323/2022/ATTP-CNĐK","07/06/2022","07/06/2025"
"Nhà hàng Draft Beer 2 - Công ty TNHH Thủy Thiên Thanh","Thửa đất số 6, tờ bản đồ số 17, Khu đất HH9, Khu du lịch ven sông Hàn, đường Trần Hưng Đạo","0401495310","324/2022/ATTP-CNĐK","07/06/2022","07/06/2025"
"CÔNG TY TNHH MỘT THÀNH VIÊN THE GAL B","D21 KDC An Cư 3","0401903104","286/2022/ATTP-CNĐK","02/06/2022","02/06/2025"
"Địa điểm kinh doanh Winmart+ ĐNG 94 - Chi nhánh Đà Nẵng - Công ty Cổ phần dịch vụ thương mại tổng hợp Wincommerce","217 Nguyễn Duy Trinh","0104918404-009","295/GCNATTP-ATTP","02/06/2022","02/06/2025"
"Địa điểm kinh doanh Nghĩa Gia Viên - Công ty TNHH Một thành viên Nghĩa Thống Gia","306 Thăng Long","0401562888","296/2022/ATTP-CNĐK","02/06/2022","02/06/2025"
"Địa điểm kinh doanh Winmart+ ĐNG 99 - Chi nhánh Đà Nẵng - Công ty Cổ phần dịch vụ thương mại tổng hợp Wincommerce","Lô 01B2-12 KDC Sư Đoàn 372","0104918404-009","298/GCNATTP-ATTP","02/06/2022","02/06/2025"
"Địa điểm kinh doanh Làng 3 - Công ty TNHH Sen Vương Group","Số 2-4-6 An Thượng 3","0402079313","311/2022/ATTP-CNĐK","02/06/2022","02/06/2025"
"Công ty TNHH Amee Station","35 Lê Đức Thọ","0402146263","312/2022/ATTP-CNĐK","02/06/2022","02/06/2025"
"Công ty TNHH Âu Lạc Center","Lô A2.10 đường 30/4","040214284","246/2022?ATTP-CNĐK","01/06/2022","01/06/2025"
"Cửa hàng - Địa điểm kinh doanh Công ty TNHH Ông Tạ","113A Nguyễn Chí Thanh","0402091945","287/2022/ATTP-CNĐK","01/06/2022","01/06/2025"
"Địa điểm kinh doanh Winmart+ ĐNG 154 - Chi nhánh Đà Nẵng - Công ty Cổ phần dịch vụ thương mại tổng hợp Wincommerce","723 Nguyễn Lương Bằng","0104918404-009","293/GCNATTP-ATTP","01/06/2022","01/06/2025"
"Hộ kinh doanh Cơ sở sản xuất nước uống đóng chai Gia Nguyên","K08/7 Hàn Mặc Tử","32A8025676","294/2022/ATTP-CNĐK","01/06/2022","01/06/2025"
"Địa điểm kinh doanh Winmart+ ĐNG 152 - Chi nhánh Đà Nẵng - Công ty Cổ phần dịch vụ thương mại tổng hợp Wincommerce","356 Mai Chí Thọ","0104918404-009","299/GCNATTP-ATTP","01/06/2022","01/06/2025"
"Hộ kinh doanh sản xuất nước uống đóng chai Dana","109 An Dương Vương","32D8008848","300/2022/ATTP-CNĐK","01/06/2022","01/06/2025"
"Cửa hàng thưc phẩm T.A.S.T.Y - Công ty TNHH Thực phẩm T.A.S.T.Y","151 Lý Tự Trọng","0401296788","301/2022/ATTP-ĐNa","01/06/2022","01/06/2025"
"Chi nhánh 1 - Công ty cổ phần Quê Việt","51 Võ Nguyên Giáp","04004480826-005","302/2022/ATTP-CNĐK","01/06/2022","01/06/2025"
"Trung tâm Hội nghị Tiệc cưới Golden Phoenix - Doanh nghiệp tư nhân Trần Gia","A8.2 Lô 1,2 Khu Công viên Bắc Tượng Đài đường 2/9","0400126293","303/2022/ATTP-CNĐK","01/06/2022","01/06/2025"
"Bé Mặn A - Doanh nghiệp tư nhân Bé Mặn","Lô 08 Võ Nguyên Giáp, KDC An Cư 5","0401448582","305/2022/ATTP-CNĐK","01/06/2022","01/06/2025"
"Công ty TNHH Thương mại Dịch vụ Belice","54 Quang Trung","0402088452","306/2022/ATTP-CNĐK","01/06/2022","01/06/2025"
"Công ty TNHH Hano Tour","88 Đinh Văn Chấp","0402114751","307/2022/ATTP-CNĐK","01/06/2022","01/06/2025"
"Công ty TNHH Cà phê Hoa TNT","363 Trần Hưng Đạo","0402023920","308/2022/ATTP-CNĐK","01/06/2022","01/06/2025"
"Địa điểm kinh doanh Winmart+ ĐNG 153 - Chi nhánh Đà Nẵng - Công ty Cổ phần dịch vụ thương mại tổng hợp Wincommerce","58 Mỹ An 7","0104918404-009","310/GCNATTP-ATTP","01/06/2022","01/06/2025"
"Công ty TNHH Chè Liên Đà Nẵng","251 Lý Triện","0402093332","290/2022/ATTP-ĐNa","31/05/2022","31/05/2025"
"Công ty TNHH MTV TM&DV BẠCH MÃ GIA","Lô 60-61-62 Khu D10 Phương Trang","0401903859","292/2022/ATTP-CNĐK","31/05/2022","31/05/2025"
"Xưởng sản xuất số 7 - Công ty TNHH Sản xuất và thương maị Tín Vũ","L4-6 đường Trần Nhân Tông, Khu công nghiệp dịch vụ thủy sản Đà Nẵng","0400529165","297/2022/ATTP-CNĐK","31/05/2022","31/05/2025"
"Địa điểm kinh doanh Công ty TNHH Life Bridge Việt Nam - Bếp ăn tập thể Công ty TNHH Công nghiệp thực phẩm Liwayway Đà Nẵng","Lô U6, Khu Công nghiệp Hòa Khánh mở rộng, phường Hòa Khánh Bắc, quận Liên Chiểu, thành phố Đà Nẵng","0304170028-006","289/2022/ATTP-CNĐK","27/05/2022","27/05/2025"
"Công ty cổ phần Y khoa Bác sĩ Gia đình","73 Nguyễn Hữu Thọ","0401306450","291/2022/ATTP-CNĐK","27/05/2022","27/05/2025"
"Công tyTNHH Thạch Thiên Ân","Lô 15-16-17 Trần Hưng Đạo","0402021063","262/2022/ATTP-CNĐK","26/05/2022","26/05/2025"
"Công ty Cổ phần Trung tâm Thương mại Lotte Việt Nam - Chi nhánh Đà Nẵng","06 Nại Nam","0304741634-009","274/GCNATTP-ATTP","26/05/2022","26/05/2025"
"Cửa hàng Pizza & Bugrger - Địa điểm kinh doanh - Công ty TNHH Bách Thành Lên","Khu vực Bãi biển Mỹ An (đối diện 270 Võ Nguyên Giáp)","0109303228","285/2022/ATTP-CNĐK","26/05/2022","26/05/2025"
"Địa điểm kinh doanh Winmart+ ĐNG 89 - Chi nhánh Đà Nẵng - Công ty Cổ phần dịch vụ thương mại tổng hợp Wincommerce","290 Mai Đăng Chơn","0104918404-009","257/GCNATTP-ATTP","24/05/2022","24/05/2025"
"Địa điểm kinh doanh Winmart+ ĐNG 102 - Chi nhánh Đà Nẵng - Công ty Cổ phần dịch vụ thương mại tổng hợp Wincommerce","19 Đinh Gia Trinh","0104918404-009","258/GCNATTP-ATTP","24/05/2022","24/05/2025"
"Địa điểm kinh doanh Winmart+ ĐNG 96 - Chi nhánh Đà Nẵng - Công ty Cổ phần dịch vụ thương mại tổng hợp Wincommerce","351-351A Tôn Đản","0104918404-009","260/GCNATTP-ATTP","24/05/2022","24/05/2025"
"Địa điểm kinh doanh Winmart+ ĐNG 107 - Chi nhánh Đà Nẵng - Công ty Cổ phần dịch vụ thương mại tổng hợp Wincommerce","278 Nguyễn Công Trứ","0104918404-009","261/GCNATTP-ATTP","24/05/2022","24/05/2025"
"Địa điểm kinh doanh Winmart+ ĐNG 110 - Chi nhánh Đà Nẵng - Công ty Cổ phần dịch vụ thương mại tổng hợp Wincommerce","28 Phan Châu Trinh","0104918404-009","267/GCNATTP-ATTP","24/05/2022","24/05/2025"
"Địa điểm kinh doanh Winmart+ ĐNG 97 - Chi nhánh Đà Nẵng - Công ty Cổ phần dịch vụ thương mại tổng hợp Wincommerce","47 Dương Loan","0104918404-009","284/GCNATTP-ATTP","24/05/2022","24/05/2025"
"Địa điểm kinh doanh Winmart+ ĐNG 115 - Chi nhánh Đà Nẵng - Công ty Cổ phần dịch vụ thương mại tổng hợp Wincommerce","Lô 38, 39, B1.17, KĐT Sinh thái ven sông Hòa Xuân","0104918404-009","254/GCNATTP-ATTP","23/05/2022","23/05/2025"
"Hộ kinh doanh cơ sở Việt Thắng","Lô 28 khu F An Hòa (số 78 đường An Hải 21)","32C 8001174","255/2022/ATTP-CNĐK","23/05/2022","23/05/2025"
"Công ty TNHH Đầu tư Thương mại và Dịch vụ Khang Vũ","30 Morrison","0402140705","256/2022/ATTP-CNĐK","23/05/2022","23/05/2025"
"Công ty TNHH Kizy's","76 Võ Văn Kiệt","0402145823","259/2022/ATTP-CNĐK","23/05/2022","23/05/2025"
"Công ty TNHH Bảy Ban","Bãi Rạn, đường Hoàng Sa","0400459687","263/2022/ATTP-CNĐK","23/05/2022","23/05/2025"
"Địa điểm kinh doanh Winmart+ ĐNG 22 - Chi nhánh Đà Nẵng - Công ty Cổ phần dịch vụ thương mại tổng hợp Wincommerce","Số 80 đường Ngũ Hành Sơn","0104918404-009","264/GCNATTP-ATTP","23/05/2022","23/05/2025"
"Địa điểm kinh doanh Winmart+ ĐNG 108 - Chi nhánh Đà Nẵng - Công ty Cổ phần dịch vụ thương mại tổng hợp Wincommerce","133 Đỗ Bá","0104918404-009","265/GCNATTP-ATTP","23/05/2022","23/05/2025"
"Công ty cổ phần Thương mại dịch vụ Phương Toàn Phúc","Lô A150 đường 30 tháng 4","0401425514","266/2022/ATTP-CNĐK","23/05/2022","23/05/2025"
"Địa điểm kinh doanh Winmart+ ĐNG 100 - Chi nhánh Đà Nẵng - Công ty Cổ phần dịch vụ thương mại tổng hợp Wincommerce","36 Tây Sơn","0104918404-009","268/GCNATTP-ATTP","23/05/2022","23/05/2025"
"Chi nhánh Công ty TNHH Lotteria Việt Nam tại thành phố Đà Nẵng","120 Nguyễn Thị Minh Khai","0300644051-004","269/2022/ATTP-CNĐK","23/05/2022","23/05/2025"
"Địa điểm kinh doanh Winmart+ ĐNG 91 - Chi nhánh Đà Nẵng - Công ty Cổ phần dịch vụ thương mại tổng hợp Wincommerce","43 Hồ Quý Ly","0104918404-009","270/GCNATTP-ATTP","23/05/2022","23/05/2025"
"Địa điểm kinh doanh Winmart+ ĐNG 104 - Chi nhánh Đà Nẵng - Công ty Cổ phần dịch vụ thương mại tổng hợp Wincommerce","140 Lý Thái Tổ","0104918404-009","271/GCNATTP-ATTP","23/05/2022","23/05/2025"
"Địa điểm kinh doanh Công ty Cổ phần Sensince 1992","226 Võ Nguyên Giáp, phường Phước Mỹ, quận Sơn Trà, thành phố Đà Nẵng","0109858849","272/2022/ATTP-CNĐK","23/05/2022","23/05/2025"
"Công ty TNHH Một thành viên Nghĩa Hằng Phát","117 Lê Đại Hành","0401809380","273/2022/ATTP-CNĐK","23/05/2022","23/05/2025"
"Hộ kinh doanh Special Water","126 Lý Đạo Thành","32C8014623","275/2022/ATTP-CNĐK","23/05/2022","23/05/2025"
"Địa điểm kinh doanh Winmart+ ĐNG 86 - Chi nhánh Đà Nẵng - Công ty Cổ phần dịch vụ thương mại tổng hợp Wincommerce","63 Núi Thành","0104918404-009","276/GCNATTP-ATTP","23/05/2022","23/05/2025"
"Chi nhánh Công ty cổ phần Thương mại Dịch vụ Cổng Vàng tại Đà Nẵng - Nhà hàng Crystal Jade","L4-21+22 tại TTTM Vincom Đà Nẵng, đường Ngô Quyền","0102721191-029","277/2022/ATTP-CNĐK","23/05/2022","23/05/2025"
"Địa điểm kinh doanh Winmart+ ĐNG 103 - Chi nhánh Đà Nẵng - Công ty Cổ phần dịch vụ thương mại tổng hợp Wincommerce","89 Đồng Kè","0104918404-009","278/GCNATTP-ATTP","23/05/2022","23/05/2025"
"Địa điểm kinh doanh Winmart+ ĐNG 24 - Chi nhánh Đà Nẵng - Công ty Cổ phần dịch vụ thương mại tổng hợp Wincommerce","Số 488 Tôn Đức Thắng","0104918404-009","279/GCNATTP-ATTP","23/05/2022","23/05/2025"
"Địa điểm kinh doanh Winmart+ ĐNG 87 - Chi nhánh Đà Nẵng - Công ty Cổ phần dịch vụ thương mại tổng hợp Wincommerce","119 Phạm Tứ","0104918404-009","280/GCNATTP-ATPP","23/05/2022","23/05/2025"
"Địa điểm kinh doanh Winmart+ ĐNG 93 - Chi nhánh Đà Nẵng - Công ty Cổ phần dịch vụ thương mại tổng hợp Wincommerce","51 Nguyễn Nhàn","0104918404-009","281/GCNATTP-ATTP","23/05/2022","23/05/2025"
"Địa điểm kinh doanh Winmart+ ĐNG 101 - Chi nhánh Đà Nẵng - Công ty Cổ phần dịch vụ thương mại tổng hợp Wincommerce","103 Tô Hiệu","0104918404-009","282/GCNATTP-ATTP","23/05/2022","23/05/2025"
"Địa điểm kinh doanh Winmart+ ĐNG 109 - Chi nhánh Đà Nẵng - Công ty Cổ phần dịch vụ thương mại tổng hợp Wincommerce","31 Nguyễn Đình Trọng","0104918404-009","283/GCNATTP-ATTP","23/05/2022","23/05/2025"
"Địa điểm kinh doanh căn tin FPT Miền Trung - Công ty TNHH An Thạnh","Mặt bằng căn tin số 02 bên phải-Tại nhà ăn chi nhánh Công ty TNHH Phần mềm FPT, Khu Công nghệ FPT Complex, đường Nam Kỳ Khởi Nghĩa","0400542007","249/2022/ATTP-CNĐK","19/05/2022","19/05/2025"
"Công ty Cổ phần Thương mại và Dịch vụ Lam Chiều","Lô 08-09 Võ Nguyên Giáp","0401856912","250/2022/ATTP-CNĐK","19/05/2022","19/05/2025"
"Công ty Cổ phần Đầu tư và Dịch vụ Chuông Vàng - Địa điểm kinh doanh Nhà hàng Đom Đóm","177 Nguyễn Văn Thoại","0402027072","251/2022/ATTP-CNĐK","19/05/2022","19/05/2025"
"Công ty TNHH Một thành viên Ishiga","41 Lê Hồng Phong","0401932384","252/2022/ATTP-CNĐK","19/05/2022","19/05/2025"
"Công ty TNHH Samurai S.h.i.p","90 đường 2/9","0401527202","253/2022/ATTP-CNĐK","19/05/2022","19/05/2025"
"CÔNG TY TNHH MTV HÙNG CHÂU PHÁT","K365/8 Tôn Đản","0401831393","240/2022/ATTP-CNĐK","17/05/2022","17/05/2025"
"Công ty TNHH MTV Ngọc Linh Ice","04 Hồ Trung Lượng","0402128458","241/2022/ATTP-CNĐK","17/05/2022","17/05/2025"
"Công ty TNHH Con Cá Mập","439 Trần Hưng Đạo","0401664294","243/2022/ATTP-CNĐK","17/05/2022","17/05/2025"
"ĐỊA ĐIỂM KINH DOANH CÔNG TY TNHH KHÔI TRIẾT","Bãi biển Mỹ An, đối diện 278 Võ Nguyên Giáp","0402083285","244/2022/ATTP-CNĐK","17/05/2022","17/05/2025"
"Địa điểm kinh doanh Công ty TNHH MTV Việt Phú Farm","Lô B, đường Trần Thánh Tông","0401986647","245/2022/ATTP-ĐNa","17/05/2022","17/05/2025"
"Hộ kinh doanh Trần Đình Hồng","K760/32 Điện Biên Phủ","32B8012723","247/2022/ATTP-ĐNa","17/05/2022","17/05/2025"
"Địa điểm kinh doanh - BCB Restaurant - Công ty TNHH Đào tạo và phát triển tiềm năng Việt","116-118 Lê Thanh Nghị","0402089897","248/2022/ATTP-CNĐK","17/05/2022","17/05/2025"
"Công ty TNHH MTV Phan Thành Akuruhi Đà Nẵng","10 Phan Bội Châu","0402045674","218/2022/ATTP-CNĐK","10/05/2022","10/05/2025"
"Địa Điểm Kinh Doanh Phúc Long ĐNG 57 - KS - Chi nhánh Đà Nẵng - Công ty Cổ phần Phúc Long Heritage","5 Phan Khoang","0316871719-002","225/2022/ATTP-CNĐK","10/05/2022","10/05/2025"
"Địa điểm kinh doanh Winmart+ ĐNG 70 - Chi nhánh Đà Nẵng - Công ty Cổ phần dịch vụ thương mại tổng hợp Wincommerce","Lô 44, B2.2 Trần Bạch Đằng","0104918404-009","226/GCNATTP-ATTP","10/05/2022","10/05/2025"
"Địa điểm kinh doanh - Công ty Cổ phần TM&DV Just Tintin","Thửa C2 - Lô 13,14,15,16 Phạm Văn Đồng","0401988926","227/2022/ATTP-CNĐK","10/05/2022","10/05/2025"
"Địa Điểm Kinh Doanh Phúc Long ĐNG 53 - KS - Chi nhánh Đà Nẵng - Công ty Cổ phần Phúc Long Heritage","51 Lê Trọng Tấn","0316871719-002","228/2022/ATTP-CNĐK","10/05/2022","10/05/2025"
"Công ty TNHH Mama's Kitchen","75 Hoàng Văn Thụ","0402104143","229/2022/ATTP-CNĐK","10/05/2022","10/05/2025"
"Địa Điểm Kinh Doanh Phúc Long ĐNG 50 - KS - Chi nhánh Đà Nẵng - Công ty Cổ phần Phúc Long Heritage","311 Bùi Tấn Diên","0316871719-002","230/2022/ATTP-CNĐK","10/05/2022","10/05/2025"
"Địa điểm kinh doanh cơ sở sản xuất - Công ty TNHH TM&DV phát triển Sunrise Việt Nam","141 Đinh Liệt, tổ 7","0402138181","231/2022/ATTP-CNĐK","10/05/2022","10/05/2025"
"Địa Điểm Kinh Doanh Phúc Long ĐNG 62 - KS - Chi nhánh Đà Nẵng - Công ty Cổ phần Phúc Long Heritage","86 Cao Sơn Pháo","0316871719-002","232/2022/ATTP-CNĐK","10/05/2022","10/05/2025"
"Địa Điểm Kinh Doanh Phúc Long ĐNG 61 - KS - Chi nhánh Đà Nẵng - Công ty Cổ phần Phúc Long Heritage","84 Nguyễn Lương Bằng","0316871719-002","233/2022/ATTP-CNĐK","10/05/2022","10/05/2025"
"Địa Điểm Kinh Doanh Phúc Long ĐNG 71 - KS - Chi nhánh Đà Nẵng - Công ty Cổ phần Phúc Long Heritage","K01/51 Phạm Như Xương","0316871719-002","234/2022/ATTP-CNĐK","10/05/2022","10/05/2025"
"Địa Điểm Kinh Doanh Phúc Long ĐNG 72 - KS - Chi nhánh Đà Nẵng - Công ty Cổ phần Phúc Long Heritage","351-351A Tôn Đản","0316871719-002","235/2022/ATTP-CNĐK","10/05/2022","10/05/2025"
"Địa Điểm Kinh Doanh Phúc Long ĐNG 70 - KS - Chi nhánh Đà Nẵng - Công ty Cổ phần Phúc Long Heritage","89 Đồng Kè","0316871719-002","236/2022/ATTP-CNĐK","10/05/2022","10/05/2025"
"CÔNG TY CỔ PHẦN ĐẦU TƯ THƯƠNG MẠI VÀ DỊCH VỤ DANA BAY","10 Võ Văn Kiệt, phường Phước Mỹ, quận Sơn Trà, thành phố Đà Nẵng","","237/2022/ATTP-CNĐK","10/05/2022","10/05/2025"
"Doanh nghiệp tư nhân Tư Hề","H5/11K408 Hoàng Diệu","0401362550","238/2022/ATTP-CNĐK","10/05/2022","10/05/2025"
"Công ty TNHH Dịch vụ Bảo Lan Khuê","BẾP ĂN TẬP THỂ Công ty TNHH Nhà máy bia Heineken Việt Nam-ĐÀ NẴNG, Đường số 06 và 02 KCN Hòa Khánh, phường Hòa Hiệp Bắc, quận Liên Chiểu","0402129772","239/2022/ATTP-CNĐK","10/05/2022","10/05/2025"
"Địa điểm kinh doanh 25 - Chi nhánh Công ty Cổ phần dịch vụ cà phê Cao Nguyên tại Đà Nẵng","517 Trần Hưng Đạo","0309965814-003","211/2022/ATTP-CNĐK","04/05/2022","04/05/2025"
"Địa Điểm Kinh Doanh Phúc Long ĐNG 38 - KS - Chi nhánh Đà Nẵng - Công ty Cổ phần Phúc Long Heritage","E2-4 và E2-5 Khúc Hạo","0316871719-002","212/2022/ATTP-CNĐK","04/05/2022","04/05/2025"
"Hộ kinh doanh Minh Khang","Số 459 Tôn Đức Thắng, khu căng tin và ki ốt tạp hóa tại khu xung quanh thư viện -Trường Đại học Sư phạm - ĐHĐN","32E8008633","213/2022/ATTP-CNĐK","04/05/2022","04/05/2025"
"CÔNG TY TNHH THƯƠNG MẠI VÀ DỊCH VỤ MỸ AN","Nhà ăn khu Hành chính Công ty Cổ phần cao su Đà Nẵng, Lô G đường Tạ Quang Bửu","0400551869","214/2022/ATTP-CNĐK","04/05/2022","04/05/2025"
"Công ty TNHH An Thạnh","Bếp ăn tập thể Công ty Cổ phần Cao su Đà Nẵng, Lô G đường Tạ Quang Bửu","0400542007","215/2022/ATTP-CNĐK","04/05/2022","04/05/2025"
"Công ty TNHH Một thành viên Bếp Nhà Khôi","112 Nguyễn Đăng Đạo","0402143350","216/2022/ATTP-CNĐK","04/05/2022","04/05/2025"
"CÔNG TY TNHH MỘT THÀNH VIÊN THỰC PHẨM Á CHÂU ĐÀ NẴNG","Đường số 5B, Cụm Công nghiệp Thanh Vinh, Khu công nghiệp Hòa Khánh","0401497325","217/GCNATTP-ATTP","04/05/2022","04/05/2025"
"Địa điểm kinh doanh - Công ty Cổ phần dịch vụ nhà ga quốc tế Đà Nẵng - Phòng chờ CIP Orchid Lounge 2","Vị trí C-D-3-11, khi cách ly ga đi quốc tế tầng lững, sân bay Quốc tế Đà Nẵng","0401801656","219/2022/ATTP-CNĐK","04/05/2022","04/05/2025"
"Công ty TNHH MTV Healthy Nut","668 Lê Văn Hiến","0401947704","220/2022/ATTP-ĐNa","04/05/2022","04/05/2025"
"Địa điểm kinh doanh số 1 - Công ty Cổ phần dịch vụ Thương mại ANZ","Khu bãi cát cách tổ kinh doanh dịch vụ số 13 về phía Bắc 100m, đường võ Nguyên Giáp (đối diện 270 Võ Nguyên Giáp)","0402036944","221/2022/ATTP-CNĐK","04/05/2022","04/05/2025"
"Địa Điểm Kinh Doanh Phúc Long ĐNG 65 - KS - Chi nhánh Đà Nẵng - Công ty Cổ phần Phúc Long Heritage","31 Thành Thái","0316871719-002","222/2022/ATTP-CNĐK","04/05/2022","04/05/2025"
"Địa Điểm Kinh Doanh Phúc Long ĐNG 52 - KS - Chi nhánh Đà Nẵng - Công ty Cổ phần Phúc Long Heritage","413 Trường Sơn","0316871719-002","223/2022/ATTP-CNĐK","04/05/2022","04/05/2025"
"Địa Điểm Kinh Doanh Phúc Long ĐNG 77 - KS - Chi nhánh Đà Nẵng - Công ty Cổ phần Phúc Long Heritage","45 Nguyễn Đình Tứ","0316871719-002","224/2022/ATTP-CNĐK","04/05/2022","04/05/2025"
"Doanh nghiệp tư nhân Thành Yến","Lô 08-09 Yết Kiêu","0400109361","197/2022/ATTP-CNĐK","26/04/2022","26/04/2025"
"Công ty TNHH TM & DV Thanh Song Hòa","Lô 3A2.5 Trần Thị Lý","0401639072","198/2022/ATTP-CNĐK","26/04/2022","26/04/2025"
"Địa Điểm Kinh Doanh Phúc Long ĐNG 75 - KS - Chi nhánh Đà Nẵng - Công ty Cổ phần Phúc Long Heritage","119 Phạm Như Xương","0316871719-002","199/2022/ATTP-CNĐK","26/04/2022","26/04/2025"
"Nhà hàng cơm niêu Hồng Phúc 3 - Công ty TNHH Một thành viên Hồng Phúc Ngọc Vân","Đường DT602 Bà Nà, An Sơn,, xã Hòa Ninh, huyện Hòa Vang, thành phố Đà Nẵng","0401374387","200/2022/ATTP-CNĐK","26/04/2022","26/04/2025"
"Công ty TNHH Một thành viên Hồng Phúc Ngọc Vân","164-166 Nguyễn Tri Phương","0401374387","201/2022/ATTP-CNĐK","26/04/2022","26/04/2025"
"Nhà hàng Hồng Phúc 4 - Công ty TNHH Một thành viên Hồng Phúc Ngọc Vân","168-170 Nguyễn Tri Phương","0401374387","202/2022/ATTP-CNĐK","26/04/2022","26/04/2025"
"Công ty TNHH MTV Tuấn Tửu Đà Nẵng","Lô 3,4 đường Bình Minh 1","0401860637","203/2022/ATTP-CNĐK","26/04/2022","26/04/2025"
"Công ty TNHH MTV Thương mại dịch vụ nấu ăn Thủy Bộ","Lô 26 B2.1, 281 Trường  Chinh","0401958311","204/2022/ATTP-CNĐK","26/04/2022","26/04/2025"
"Công ty TNHH Thương mại và Dịch vụ Cây Dừa","413 Nguyễn Tất Thành","0401405451","205/2022/ATTP-CNĐK","26/04/2022","26/04/2025"
"KHO HÀNG DOANH NGHIỆP TƯ NHÂN VIỆT HẢI","Lô số 12 khu B3-5 , SỐ 78 Bùi Tá Hán","0400487003","206/2022/ATTP-ĐNa","26/04/2022","26/04/2025"
"Địa điểm kinh doanh số 01 - Công ty TNHH Mama's Kitchen","Lô A2-1 Võ Văn Kiệt","0402104143","207/2022/ATTP-CNĐK","26/04/2022","26/04/2025"
"CÔNG TY TNHH MTV TRUNG GIA THỊNH","64 Võ Nguyên Giáp","0401825061","208/2022/ATTP-CNĐK","26/04/2022","26/04/2025"
"CÔNG TY TNHH QUỲNH ANH RUBY","45 Phạm Tu","0402125111","209/2022/ATTP-CNĐK","26/04/2022","26/04/2025"
"Địa Điểm Kinh Doanh Phúc Long ĐNG 63 - KS - Chi nhánh Đà Nẵng - Công ty Cổ phần Phúc Long Heritage","Lô 131, Khu C1, KDC Làng Cá Nại Hiên Đông","0316871719-002","210/2022/ATTP-CNĐK","26/04/2022","26/04/2025"
"Địa Điểm Kinh Doanh Phúc Long ĐNG 74 - KS - Chi nhánh Đà Nẵng - Công ty Cổ phần Phúc Long Heritage","183 Tô Hiệu","0316871719-002","195/2022/ATTP-CNĐK","19/04/2022","19/04/2025"
"Địa Điểm Kinh Doanh Phúc Long ĐNG 81 - KS - Chi nhánh Đà Nẵng - Công ty Cổ phần Phúc Long Heritage","Thôn Miếu Bông","0316871719-002","196/2022/ATTP-CNĐK","19/04/2022","19/04/2025"
"Địa Điểm Kinh Doanh Phúc Long ĐNG 67 - KS - Chi nhánh Đà Nẵng - Công ty Cổ phần Phúc Long Heritage","99 Cách Mạng Tháng Tám","0316871719-002","159/2022/ATTP-CNĐK","18/04/2022","18/04/2025"
"Địa Điểm Kinh Doanh Phúc Long ĐNG 66 - KS - Chi nhánh Đà Nẵng - Công ty Cổ phần Phúc Long Heritage","36 Trần Quý Hai","0316871719-002","160/2022/ATTP-CNĐK","18/04/2022","18/04/2025"
"Cửa hàng KFC Coopmart - Chi nhánh Công ty Liên Doanh TNHH KFC Việt Nam tại Thành phố Đà Nẵng","478 Điện Biên Phủ","0100773885-031","161/2022/ATTP-CNĐK","18/04/2022","18/04/2025"
"Địa Điểm Kinh Doanh Phúc Long ĐNG 80 - KS - Chi nhánh Đà Nẵng - Công ty Cổ phần Phúc Long Heritage","Số 904 Tôn Đức Thắng","0316871719-002","162/2022/ATTP-CNĐK","18/04/2022","18/04/2025"
"Địa Điểm Kinh Doanh Phúc Long ĐNG 59 - KS - Chi nhánh Đà Nẵng - Công ty Cổ phần Phúc Long Heritage","52 Ngô Thì Nhậm","0316871719-002","163/2022/ATTP-CNĐK","18/04/2022","18/04/2025"
"Địa Điểm Kinh Doanh Phúc Long ĐNG 79 - KS - Chi nhánh Đà Nẵng - Công ty Cổ phần Phúc Long Heritage","58 Hà Tông Quyền","0316871719-002","164/2022/ATTP-CNĐK","18/04/2022","18/04/2025"
"Địa Điểm Kinh Doanh Phúc Long ĐNG 55 - KS - Chi nhánh Đà Nẵng - Công ty Cổ phần Phúc Long Heritage","300 Lê Đại Hành","0316871719-002","165/2022/ATTP-CNĐK","18/04/2022","18/04/2025"
"ĐỊA ĐIỂM KINH DOANH KHO HÀNG - CÔNG TY TNHH MỘT THÀNH VIÊN NGHĨA THỐNG GIA","935 Văn Tiến Dũng","0401562888","166/2022/ATTP-ĐNa","18/04/2022","18/04/2025"
"Địa Điểm Kinh Doanh Phúc Long ĐNG 54 - KS - Chi nhánh Đà Nẵng - Công ty Cổ phần Phúc Long Heritage","125 Ông Ích Đường","0316871719-002","167/2022/ATTP-CNĐK","18/04/2022","18/04/2025"
"Địa Điểm Kinh Doanh Phúc Long ĐNG 51 - KS - Chi nhánh Đà Nẵng - Công ty Cổ phần Phúc Long Heritage","Thửa đất số 104, Tờ bản đồ số B1-95, Khu đô thị sinh thái ven sông Hòa Xuân","0316871719-002","168/2022/ATTP-CNĐK","18/04/2022","18/04/2025"
"Địa Điểm Kinh Doanh Phúc Long ĐNG 73 - KS - Chi nhánh Đà Nẵng - Công ty Cổ phần Phúc Long Heritage","Lô D5-30 KDC Nam Cầu Cẩm Lệ","0316871719-002","169/2022/ATTP-CNĐK","18/04/2022","18/04/2025"
"Địa Điểm Kinh Doanh Phúc Long ĐNG 63 - KS - Chi nhánh Đà Nẵng - Công ty Cổ phần Phúc Long Heritage","263 Ông Ích Đường, tổ 50","0316871719-002","170/2022/ATTP-CNĐK","18/04/2022","18/04/2025"
"Địa Điểm Kinh Doanh Phúc Long ĐNG 41 - KS - Chi nhánh Đà Nẵng - Công ty Cổ phần Phúc Long Heritage","180 Phạm Cự Lượng","0316871719-002","171/2022/ATTP-CNĐK","18/04/2022","18/04/2025"
"ĐỊA ĐIỂM KINH DOANH WINMART+ ĐNG 151 - CHI NHÁNH ĐÀ NẴNG - CÔNG TY CỔ PHẦN DỊCH VỤ THƯƠNG MẠI TỔNG HỢP WINCOMMERCE","297-299 đường 29-3","0104918404-009","172/GCNATTP-ATTP","18/04/2022","18/04/2025"
"Nhà hàng Pizza Hut Núi Thành - Chi nhánh Công ty TNHH Pizza Việt Nam tại thành phố Đà Nẵng","239 Núi Thành","0303902751-009","173/2022/ATTP-CNĐK","18/04/2022","18/04/2025"
"CÔNG TY TNHH THƯƠNG MẠI VÀ DỊCH VỤ LÚA HOUSE","44A Lâm Hoành","0402058835","174/2022/ATTP-CNĐK","18/04/2022","18/04/2025"
"CÔNG TY TNHH DỊCH VỤ HẢI SẢN MỸ HẠNH","Lô 17-18 Võ Nguyên Giáp","0402091783","175/2022/ATTP-CNĐK","18/04/2022","18/04/2025"
"Cửa hàng KFC Nguyễn Văn Thoại - Chi nhánh Công ty Liên Doanh TNHH KFC Việt Nam tại Thành phố Đà Nẵng","125 Nguyễn Văn Thoại","0100773885-031","176/2022/ATTP-CNĐK","18/04/2022","18/04/2025"
"Địa Điểm Kinh Doanh Phúc Long ĐNG 26 - KS - Chi nhánh Đà Nẵng - Công ty Cổ phần Phúc Long Heritage","A2-7, Khu dân cư nút giao thông Tuyên Sơn, Đường 2/9","0316871719-002","177/2022/ATTP-CNĐK","18/04/2022","18/04/2025"
"Địa Điểm Kinh Doanh Phúc Long ĐNG 28 - KS - Chi nhánh Đà Nẵng - Công ty Cổ phần Phúc Long Heritage","47 Châu Thượng Văn","0316871719-002","178/2022/ATTP-CNĐK","18/04/2022","18/04/2025"
"Địa Điểm Kinh Doanh Phúc Long ĐNG 36 - KS - Chi nhánh Đà Nẵng - Công ty Cổ phần Phúc Long Heritage","08 Chu Huy Mân","0316871719-002","179/2022/ATTP-CNĐK","18/04/2022","18/04/2025"
"Công ty TNHH Thiên Long Nhật","Lô B4 KCN Dịch vụ Thủy sản Thọ Quang","0401489518","180/2022/ATTP-ĐNa","18/04/2022","18/04/2025"
"Địa Điểm Kinh Doanh Phúc Long ĐNG 30 - KS - Chi nhánh Đà Nẵng - Công ty Cổ phần Phúc Long Heritage","245-247 Lê Thanh Nghị","0316871719-002","181/2022/ATTP-CNĐK","18/04/2022","18/04/2025"
"Địa Điểm Kinh Doanh Phúc Long ĐNG 37 - KS - Chi nhánh Đà Nẵng - Công ty Cổ phần Phúc Long Heritage","K8-K09 Trần Hưng Đạo","0316871719-002","182/2022/ATTP-CNĐK","18/04/2022","18/04/2025"
"Địa Điểm Kinh Doanh Phúc Long ĐNG 29 - KS - Chi nhánh Đà Nẵng - Công ty Cổ phần Phúc Long Heritage","522 Núi Thành","0316871719-002","183/2022/ATTP-CNĐK","18/04/2022","18/04/2025"
"Địa Điểm Kinh Doanh Phúc Long ĐNG 32 - KS - Chi nhánh Đà Nẵng - Công ty Cổ phần Phúc Long Heritage","110 Tiểu La","0316871719-002","184/2022/ATTP-CNĐK","18/04/2022","18/04/2025"
"Địa Điểm Kinh Doanh Phúc Long ĐNG 16 - KS - Chi nhánh Đà Nẵng - Công ty Cổ phần Phúc Long Heritage","135B Nguyễn Công Trứ","0316871719-002","185/2022/ATTP-CNĐK","18/04/2022","18/04/2025"
"Địa Điểm Kinh Doanh Phúc Long ĐNG 60 - KS - Chi nhánh Đà Nẵng - Công ty Cổ phần Phúc Long Heritage","376-378 Kinh Dương Vương, Lô 27-28-F1.11, khu TĐC Hoà Minh 3","0316871719-002","186/2022/ATTP-CNĐK","18/04/2022","18/04/2025"
"Địa Điểm Kinh Doanh Phúc Long ĐNG 58 - KS - Chi nhánh Đà Nẵng - Công ty Cổ phần Phúc Long Heritage","Số 228 đường Kinh Dương Vương","0316871719-002","187/2022/ATTP-CNĐK","18/04/2022","18/04/2025"
"Cửa hàng số 2 - Công ty TNHH Thương mại và Dịch vụ Cây Dừa","521 Nguyễn Tất Thành","0401405451","188/2022/ATTP-CNĐK","18/04/2022","18/04/2025"
"Cửa hàng Lotteria tại Coopmart Sơn Trà  - Chi nhánh Công ty TNHH Lotteria Việt Nam tại thành phố Đà Nẵng","Shop GF-02 tầng trệt TTTM Coopmart Sơn Trà, Khu Công nghiệp dịch vụ thủy sản Đà Nẵng, đường Bình Than","0300644051-004","189/2022/ATTP-CNĐK","18/04/2022","18/04/2025"
"Địa Điểm Kinh Doanh Phúc Long ĐNG 34 - KS - Chi nhánh Đà Nẵng - Công ty Cổ phần Phúc Long Heritage","63 Phan Tứ","0316871719-002","190/2022/ATTP-CNĐK","18/04/2022","18/04/2025"
"ĐỊA ĐIỂM KINH DOANH WINMART+ ĐNG 150 - CHI NHÁNH ĐÀ NẴNG - CÔNG TY CỔ PHẦN DỊCH VỤ THƯƠNG MẠI TỔNG HỢP WINCOMMERCE","Thửa đất số 2131 và 2132, tờ bản đồ số 7, đường Quảng Xương, thôn Túy Loan Đông 1","0104918404-009","191/GCNATTP-ATTP","18/04/2022","18/04/2025"
"Địa Điểm Kinh Doanh Phúc Long ĐNG 35 - KS - Chi nhánh Đà Nẵng - Công ty Cổ phần Phúc Long Heritage","133 Đỗ Bá","0316871719-002","192/2022/ATTP-CNĐK","18/04/2022","18/04/2025"
"Công viên Suối khoáng nóng núi Thần Tài - Công ty Cổ phần DHC Suối Đôi","Quốc lộ 14G, thôn Phú Túc","0401585934","193/2022/ATTP-CNĐK","18/04/2022","18/04/2025"
"CÔNG TY TNHH MAI ANH FRUITS","348 Hoàng Diệu","","194/GCNATTP-ATTP","18/04/2022","18/04/2025"
"Nhà hàng Phước Thái - Công ty Trách nhiệm hữu hạn Phước Thái","Số 16-18 Hồ Nghinh","0400437154","156/2022/ATTP-CNĐK","12/04/2022","12/04/2025"
"CÔNG TY TNHH SEA MÊ","12 Lê Đức Thọ","0402135060","157/2022/ATTP-CNĐK","12/04/2022","12/04/2025"
"Cửa hàng 04 Lê Duẩn - Công ty TNHH Một thành viên ẩm thực Trần","04 Lê Duẩn","0401497212","158/2022/ATTP-CNĐK","12/04/2022","12/04/2025"
"Địa Điểm Kinh Doanh Phúc Long ĐNG 63 - KS - Chi nhánh Đà Nẵng - Công ty Cổ phần Phúc Long Heritage","588 Phạm Hùng","0316871719-002","132/2022/ATTP-CNĐK","08/04/2022","08/04/2025"
"Địa Điểm Kinh Doanh Phúc Long ĐNG 49 - KS - Chi nhánh Đà Nẵng - Công ty Cổ phần Phúc Long Heritage","286 Văn Tiến Dũng","0316871719-002","136/2022/ATTP-CNĐK","08/04/2022","08/04/2025"
"Địa Điểm Kinh Doanh Phúc Long ĐNG 48 - KS - Chi nhánh Đà Nẵng - Công ty Cổ phần Phúc Long Heritage","Lô 38, 39, B1.17, KĐT Sinh thái ven sông Hòa Xuân","0316871719-002","140/2022/ATTP-CNĐK","08/04/2022","08/04/2025"
"CÔNG TY TNHH DỊCH VỤ THƯƠNG MẠI C&Q - CHI NHÁNH SÂU NƯỚNG ĐÀ NẴNG","176 Phan Đăng Lưu","0601185475-002","143/2022/ATTP-CNĐK","08/04/2022","08/04/2025"
"CHI NHÁNH ĐÀ NẴNG - CÔNG TY CỔ PHẦN PHÚC LONG HERITAGE","59-61 Nguyễn Văn Linh","0316871719-002","144/2022/ATTP-CNĐK","08/04/2022","08/04/2025"
"Địa điểm kinh doanh Nhỏ Ốc - Công ty TNHH NCG Food","187 Hải Phòng","0402103284","145/2022/ATTP-CNĐK","08/04/2022","08/04/2025"
"Địa điểm kinh doanh Sophie Mixology - Công ty TNHH TGIF Group","150 Bạch Đằng","0402131242","146/2022/ATTP-CNĐK","08/04/2022","08/04/2025"
"Công ty TNHH Một Thành Viên Art In Paradise","Lô C2-10 Trần Nhân Tông","0401800155","147/2022/ATTP-CNĐK","08/04/2022","08/04/2025"
"Chi nhánh Công ty Liên doanh TNHH KFC Việt Nam tại thành phố Đà Nẵng","Khu thương mại Vĩnh Trung, đường Hùng Vương","0100773885-031","148/2022/ATTP-CNĐK","08/04/2022","08/04/2025"
"Địa Điểm Kinh Doanh Phúc Long ĐNG 39 - KS - Chi nhánh Đà Nẵng - Công ty Cổ phần Phúc Long Heritage","Số 25-E1, Đường Nguyễn Thị Định","0316871719-002","149/2022/ATTP-CNĐK","08/04/2022","08/04/2025"
"Địa Điểm Kinh Doanh Phúc Long ĐNG 40 - KS - Chi nhánh Đà Nẵng - Công ty Cổ phần Phúc Long Heritage","61 Nguyễn Duy Hiệu","0316871719-002","150/2022/ATTP-CNĐK","08/04/2022","08/04/2025"
"Địa Điểm Kinh Doanh Phúc Long ĐNG 46 - KS - Chi nhánh Đà Nẵng - Công ty Cổ phần Phúc Long Heritage","64 Tô Hiến Thành","0316871719-002","151/2022/ATTP-CNĐK","08/04/2022","08/04/2025"
"Công ty TNHH Nguyễn Gia Trang","22 Nguyễn Thuật","0401946002","152/2022/ATTP-CNĐK","08/04/2022","08/04/2025"
"CỬA HÀNG RAU CỦ QUẢ GÁI HƯNG THỊNH 2- CÔNG TY TNHH MỘT THÀNH VIÊN GÁI HƯNG THỊNH","59 Hồ Nguyên Trừng","0401633779","153/2022/ATTP-ĐNa","08/04/2022","08/04/2025"
"Địa điểm kinh doanh Công ty Cổ phần Thực phẩm Hai Thuyên","919 Nguyễn Tất Thành","4001232032","154/2022/ATTP-ĐNa","08/04/2022","08/04/2025"
"Năm rảnh quán - Địa điểm kinh doanh Công ty TNHH Anh Năm Dana","401 Trần Hưng Đạo","0402095273-00001","155/2022/ATTP-CNĐK","08/04/2022","08/04/2025"
"Địa Điểm Kinh Doanh Phúc Long ĐNG 56 - KS - Chi nhánh Đà Nẵng - Công ty Cổ phần Phúc Long Heritage","51 Nguyễn Nhàn","0316871719-002","133/2022/ATTP-CNĐK","01/04/2022","01/04/2025"
"Địa Điểm Kinh Doanh Phúc Long ĐNG 64 - KS - Chi nhánh Đà Nẵng - Công ty Cổ phần Phúc Long Heritage","251 Phạm Hùng, tổ 15","0316871719-002","134/2022/ATTP-CNĐK","01/04/2022","01/04/2025"
"Địa Điểm Kinh Doanh Phúc Long ĐNG 44 - KS - Chi nhánh Đà Nẵng - Công ty Cổ phần Phúc Long Heritage","02 Đinh Công Trứ","0316871719-002","135/2022/ATTP-CNĐK","01/04/2022","01/04/2025"
"Địa Điểm Kinh Doanh Phúc Long ĐNG 43 - KS - Chi nhánh Đà Nẵng - Công ty Cổ phần Phúc Long Heritage","237 Lê Tấn Trung","0316871719-002","137/2022/ATTP-CNĐK","01/04/2022","01/04/2025"
"Địa Điểm Kinh Doanh Phúc Long ĐNG 45 - KS - Chi nhánh Đà Nẵng - Công ty Cổ phần Phúc Long Heritage","46 Lê Văn Thứ","0316871719-002","138/2022/ATTP-CNĐK","01/04/2022","01/04/2025"
"Địa Điểm Kinh Doanh Phúc Long ĐNG 47 - KS - Chi nhánh Đà Nẵng - Công ty Cổ phần Phúc Long Heritage","97 Nguyễn Phan Vinh","0316871719-002","139/2022/ATTP-CNĐK","01/04/2022","01/04/2025"
"Địa Điểm Kinh Doanh Phúc Long ĐNG 01 - KS - Chi nhánh Đà Nẵng - Công ty Cổ phần Phúc Long Heritage","2F-26, Tầng 2, Lotte Mart Đà Nẵng, số 06 Đường Nại Nam","0316871719-002","141/2022/ATTP-CNĐK","01/04/2022","01/04/2025"
"Công ty TNHH MTV Thương mại và Dịch vụ Xuân Sang Lê","52 Ngô Mây","0402122431","142/2022/ATTP-ĐNa","01/04/2022","01/04/2025"
"CÔNG TY TNHH THƯƠNG MẠI CAFE LONG","123 Lê Lợi","0400456735","113/2022/ATTP-CNĐK","31/03/2022","31/03/2025"
"Công ty TNHH An Thạnh","Bếp ăn tập thể Công ty TNHH Tokyo Keiki Precision Technology, Lô A15-6, đường Trung tâm, đường số 5, Khu công nghệ cao Đà Nẵng","0400542007","114/2022/ATTP-CNĐK","31/03/2022","31/03/2025"
"Cửa hàng số 1 - Công ty TNHH MTV Lê Gia Hồng","176 Nguyễn Tri Phương","0400471155","116/2022/ATTP-CNĐK","31/03/2022","31/03/2025"
"Cơm Niêu Nhà Đỏ 2 - Công ty TNHH MTV Lê Gia Hồng","86 Nguyễn Tri Phương","0400471155","117/2022/ATTP-CNĐK","31/03/2022","31/03/2025"
"Nhà máy chế biến cà phê - Công ty TNHH Thương mại Cafe Long","Đường số 10, Khu công nghiệp Hòa Khánh","0400456735","118/2022/ATTP-ĐNa","31/03/2022","31/03/2025"
"CÔNG TY TNHH MỘT THÀNH VIÊN NHÂN MÉO","138-140 Đường 3/2","0401686474","119/2022/ATTP-CNĐK","31/03/2022","31/03/2025"
"QUẦY FB08 ESPRESSO TO GO - CHI NHÁNH CÔNG TY TNHH AUTOGRILL VFS F&B TẠI ĐÀ NẴNG","Vị trí C-1-3 Phòng chờ cửa ra tàu bay số 06, khu cách ly ga đi quốc tế Tầng 1, Sân bay quốc tế Đà Nẵng","0312151237-003","120/2022/ATTP-CNĐK","31/03/2022","31/03/2025"
"QUẦY FB10 DA NANG KIOSK 2 - CHI NHÁNH CÔNG TY TNHH AUTOGRILL VFS F&B TẠI ĐÀ NẴNG","Vị trí C-1-4 Phòng chờ cửa ra tàu bay số 07, khu cách ly quốc tế tầng 1, Sân bay quốc tế Đà Nẵng","0312151237-003","121/2022/ATTP-CNĐK","31/03/2022","31/03/2025"
"QUẦY FB06 BURGER KING - CHI NHÁNH CÔNG TY TNHH AUTOGRILL VFS F&B TẠI ĐÀ NẴNG","Vị trí F-2-2 Khu cách ly quốc tế tầng 2, Sân bay quốc tế Đà Nẵng","0312151237-003","122/2022/ATTP-CNĐK","31/03/2022","31/03/2025"
"QUẦY FB05 CRYSTAL JADE - CHI NHÁNH CÔNG TY TNHH AUTOGRILL VFS F&B TẠI ĐÀ NẴNG","Vị trí F-2-1 Khu cách ly quốc tế tầng 2, Sân bay quốc tế Đà Nẵng","0312151237-003","123/2022/ATTP-CNĐK","31/03/2022","31/03/2025"
"QUẦY FB04 PURO GUSTO - CHI NHÁNH CÔNG TY TNHH AUTOGRILL VFS F&B TẠI ĐÀ NẴNG","Vị trí C-2-2 Khu cách ly quốc tế, tầng 2, Sân bay quốc tế Đà Nẵng","0312151237-003","124/2022/ATTP-CNĐK","31/03/2022","31/03/2025"
"ĐỊA ĐIỂM KINH DOANH QUẦY FB03 COFFEE - CHI NHÁNH CÔNG TY TNHH AUTOGRILL VFS F&B TẠI ĐÀ NẴNG","Vị trí C-2-1 Khu cách ly ga đi quốc tế tầng 2, Sân bay quốc tế Đà Nẵng","0312151237-003","125/2022/ATTP-CNĐK","31/03/2022","31/03/2025"
"QUẦY FB02 URBAN MARKET - CHI NHÁNH CÔNG TY TNHH AUTOGRILL VFS F&B TẠI ĐÀ NẴNG","Vị trí C-2-3 Sảnh làm thủ tục ga đi quốc tế tầng 2, Sân bay quốc tế Đà Nẵng","0312151237-003","126/2022/ATTP-CNĐK","31/03/2022","31/03/2025"
"QUẦY FB12 ESPRESSO TO GO - CHI NHÁNH CÔNG TY TNHH AUTOGRILL VFS F&B TẠI ĐÀ NẴNG","Vị trí C-0-4 Phòng chờ cửa ra tàu bay số 08-09-10, khu cách ly ga đi quốc tế Tầng trệt, sân bay quốc tế Đà Nẵng","0312151237-003","127/2022/ATTP-CNĐK","31/03/2022","31/03/2025"
"QUẦY FB11 URBAN MARKET - CHI NHÁNH CÔNG TY TNHH AUTOGRILL VFS F&B TẠI ĐÀ NẴNG","Vị trí C-0-1 Phòng chờ cửa ra Tàu bay số 01-02-03, Khu cách ly ga đi quốc tế Tầng trệt, Sân bay quốc tế Đà Nẵng","0312151237-003","128/2022/ATTP-CNĐK","31/03/2022","31/03/2025"
"QUẦY FB01 STAR CAFE - CHI NHÁNH CÔNG TY TNHH AUTOGRILL VFS F&B TẠI ĐÀ NẴNG","Vị trí C-0-2, Khu công cộng, Khu ngoài cách ly ga đến quốc tế tầng trệt, sân bay quốc tế Đà Nẵng","0312151237-003","129/2022/ATTP-CNĐK","31/03/2022","31/03/2025"
"QUẦY FB07 URBAN MARKET - CHI NHÁNH CÔNG TY TNHH AUTOGRILL VFS F&B TẠI ĐÀ NẴNG","Vị trí C-1-2 Phòng chờ cửa ra Tàu bay số 05, Khu cách ly ga đi quốc tế Tầng 1, Sân bay quốc tế Đà Nẵng","0312151237-003","130/2022/ATTP-CNĐK","31/03/2022","31/03/2025"
"QUẦY FB09 DA NANG KIOSK 1 - CHI NHÁNH CÔNG TY TNHH AUTOGRILL VFS F&B TẠI ĐÀ NẴNG","Vị trí C-1-1 Phòng chờ cửa ra tàu bay số 04, khu cách ly quốc tế tầng 1, Sân bay quốc tế Đà Nẵng","0312151237-003","131/2022/ATTP-CNĐK","31/03/2022","31/03/2025"
"Địa điểm kinh doanh Yachy Lounge & Compass Sky Bar - Công ty TNHH Tgif Group","Tầng 5 và tầng mái, Du thuyền DHC-Marina, Lô 01 đường Trần Hưng Đạo","0402131242","112/2022/ATTP-CNĐK","25/03/2022","25/03/2025"
"Cửa hàng Bách Phúc Phương - Công ty TNHH Bách Phúc Phương","133 Trần Kim Xuyến","0401841112","115/2022/ATTP-ĐNa","25/03/2022","25/03/2025"
"ĐỊA ĐIỂM KINH DOANH 2 - CHI NHÁNH CÔNG TY CỔ PHẦN DỊCH VỤ CÀ PHÊ CAO NGUYÊN TẠI ĐÀ NẴNG","Tầng 1, TTTM Vincom Đà Nẵng, đường Ngô Quyền","0309965814-003","097/2022/ATTP-CNĐK","21/03/2022","21/03/2025"
"CÔNG TY TNHH KHU DU LỊCH SINH THÁI BIỂN BÃI BẮC","Khu di lịch sinh thái biển Bãi Bắc","0401682247","100/2022/ATTP-CNĐK","21/03/2022","21/03/2025"
"Công ty TNHH Một thành viên SX - TM & DV CAV coffee","Thửa đất số B3-14-4, B3-14-5 Khu Phức hợp đô thị Harbour Ville","0401907162","101/2022/ATTP-CNĐK","21/03/2022","21/03/2025"
"ĐỊA ĐIỂM KINH DOANH CÔNG TY CỔ PHẦN THƯƠNG MẠI DỊCH VỤ TRÀ CÀ PHÊ VN - THE COFFEE HOUSE - CỬA HÀNG SỐ 142","01 Núi Thành","0312867172","103/2022/ATTP-CNĐK","21/03/2022","21/03/2025"
"CÔNG TY TNHH AKATAIYO","54 Nguyễn Du","0401677938","104/2022/ATTP-CNĐK","21/03/2022","21/03/2025"
"CÔNG TY CỔ PHẦN MỘC HOMEFOODS","351 Hà Huy Tập","0402110732","105/2022/ATTP-ĐNa","21/03/2022","21/03/2025"
"CÔNG TY TNHH MTV VIỆT HƯƠNG LEGEND","246 Nguyễn Hữu Thọ","0402133779","106/2022/ATTP-CNĐK","21/03/2022","21/03/2025"
"CÔNG TY TNHH DỊCH VỤ VÀ THƯƠNG MẠI NY NY","101 Nguyễn Hồng Ánh","0402022109","107/2022/ATTP-CNĐK","21/03/2022","21/03/2025"
"CÔNG TY TNHH HƯƠNG PHỐ","843-845 Nguyễn Tất Thành","0401954652","108/2022/ATTP-CNĐK","21/03/2022","21/03/2025"
"HỘ KINH DOANH QUÁN MINH HOÀNG","Căn tin Trung tâm Gíao dục thường xuyên số 1, 1093 Ngô Quyền","32A8029866","109/2022/ATTP-CNĐK","21/03/2022","21/03/2025"
"NHÀ HÀNG ẤN ĐỘ INDIAN CURRY - CÔNG TY TNHH MTV SMILE CARE","110 Phạm Cự Lượng","0401962082","110/2022/ATTP-CNĐK","21/03/2022","21/03/2025"
"HỘ KINH DOANH CĂN TIN TRƯỜNG THPT SƠN TRÀ","Căn tin Trường THPT Sơn Trà, đường Lê Văn Quý","32C8014351","111/2022/ATTP-CNĐK","21/03/2022","21/03/2025"
"ĐỊA ĐIỂM KINH DOANH - NHÀ HÀNG PRIORITY LOUNGE - CÔNG TY CỔ PHẦN DỊCH VỤ HÀNG KHÔNG TASECO ĐÀ NẴNG","KD-11, Khu vực sảng cách ga đi, Nhà ga T1, Sân bay Quốc tế Đà Nẵng","0401698656","102/2022/ATTP-CNĐK","18/03/2022","18/03/2025"
"ĐỊA ĐIỂM KINH DOANH WINMART+ ĐNG 17 - CHI NHÁNH ĐÀ NẴNG - CÔNG TY CỔ PHẦN DỊCH VỤ THƯƠNG MẠI TỔNG HỢP WINCOMMERCE","485 Trần Cao Vân, tổ 18","0104918404-009","099/GCNATTP-ATTP","17/03/2022","17/03/2025"
"Địa điểm kinh doanh Winmart+ ĐNG 85 - Chi nhánh Đà Nẵng - Công ty Cổ phần dịch vụ thương mại tổng hợp Wincommerce","Lô 9C15 Lý Nhật Quang","0104918404-009","082/GCNATTP-ATTP","14/03/2022","14/03/2025"
"Địa điểm kinh doanh Chi nhánh Công ty TNHH Jollibee Việt Nam tại thành phố Đà Nẵng - Jollibee Đống Đa","254 Đống Đa","0303883266","098/2022/ATTP-CNĐK","14/03/2022","14/03/2025"
"Địa điểm kinh doanh Winmart+ ĐNG 84 - Chi nhánh Đà Nẵng - Công ty Cổ phần dịch vụ thương mại tổng hợp Wincommerce","17 Yên Thế","0104918404-009","081/GCNATTP-ATTP","11/03/2022","11/03/2025"
"Địa điểm kinh doanh Winmart+ ĐNG 90 - Chi nhánh Đà Nẵng - Công ty Cổ phần dịch vụ thương mại tổng hợp Wincommerce","226 Thái Thị Bôi","0104918404-009","083/GCNATTP-ATTP","11/03/2022","11/03/2025"
"CƠ SỞ SẢN XUẤT NƯỚC ĐÁ TINH KHIẾT NGỌC HƯNG","26 Cồn Dầu 8","32H8004700","084/2022/ATTP-CNĐK","11/03/2022","11/03/2025"
"Địa điểm kinh doanh Winmart+ ĐNG 92 - Chi nhánh Đà Nẵng - Công ty Cổ phần dịch vụ thương mại tổng hợp Wincommerce","376-378 Kinh Dương Vương, khu TĐC Hòa Minh 3","0104918404-009","085/GCNATTP-ATTP","11/03/2022","11/03/2025"
"CÔNG TY CỔ PHẦN DỊCH VỤ CÀ PHÊ CAO NGUYÊN (QUẦY 90 CẢNG HÀNG KHÔNG QUỐC NỘI ĐÀ NẴNG GA ĐẾN)","QUẦY 90 ga đi quốc nội, CẢNG HÀNG KHÔNG QUỐC tế ĐÀ NẴNG","","091/2022/ATTP-CNĐK","11/03/2022","11/03/2025"
"CÔNG TY CỔ PHẦN DỊCH VỤ CÀ PHÊ CAO NGUYÊN (QUẦY 45 CẢNG HÀNG KHÔNG QUỐC TẾ GA ĐI)","Quầy 45 ga đi quốc nội, cảng hàng không quốc tế Đà Nẵng","","092/2022/ATTP-CNĐK","11/03/2022","11/03/2025"
"CÔNG TY CỔ PHẦN CÀ PHÊ CAO NGUYÊN (QUẦY 120 CẢNG HÀNG KHÔNG QUỐC NỘI ĐÀ NẴNG GA ĐI)","QUẦY 120, ga đi quốc nội, Cảng hàng không quốc tế Đà Nẵng","","093/2022/ATTP-CNĐK","11/03/2022","11/03/2025"
"CÔNG TY CỔ PHẦN DỊCH VỤ CÀ PHÊ CAO NGUYÊN (QUẦY 141 KHU CÁCH LY GA ĐI QUỐC NỘI)","QUẦY 141 KHU CÁCH LY GA ĐI QUỐC NỘI, Cảng hàng không QUỐC TẾ ĐÀ NẴNG","","094/2022/ATTP-CNĐK","11/03/2022","11/03/2025"
"Hộ kinh doanh Tán Thị Thủy","Căn tin trường THPT Ông Ích Khiêm","32F8010845","095/2022/ATTP-CNĐK","11/03/2022","11/03/2025"
"ĐỊA ĐIỂM KINH DOANH - CÔNG TY TNHH MTV MAI ĐÔNG ANH","Căn nhà số 2018 tờ bản đồ số 16 thửa đất số 159, thôn Phú Hạ","0401800236","096/2022/ATTP-ĐNa","11/03/2022","11/03/2025"
"Địa điểm kinh doanh Winmart+ ĐNG 88 - Chi nhánh Đà Nẵng - Công ty Cổ phần dịch vụ thương mại tổng hợp Wincommerce","429-431 Hà Huy Tập","0104918404-009","080/GCNATTP-ATTP","07/03/2022","07/03/2025"
"CÔNG TY CỔ PHẦN SÂN GÔN BÀ NÀ SUỐI MƠ","thôn An Sơn","0401680793","086/2022/ATTP-CNĐK","07/03/2022","07/03/2025"
"CÔNG TY TNHH AUSTRALIA VIETNAM BAKING","","0108357742","087/GCNATTP-ATTP","07/03/2022","07/03/2025"
"CÔNG TY TNHH MTV KR GLOBAL","Tầng 37 Tòa nhà Vinpearl Riverfront Condotel Đà Nẵng, số 341 Trần Hưng Đạo","0401952937","089/2022/ATTP-CNĐK","07/03/2022","07/03/2025"
"Địa điểm kinh doanh Winmart+ ĐNG 83 - Chi nhánh Đà Nẵng - Công ty Cổ phần dịch vụ thương mại tổng hợp Wincommerce","K48/104 Lê Đình Dương","0104918404-009","088/GCNATTP-ATTP","07/03/2022","08/03/2025"
"ĐỊA ĐIỂM KINH DOANH CÔNG TY TNHH CUNG ỨNG ONLINE DN","157 Nguyễn Văn Linh","0311728634","090/2022/ATTP-ĐNa","07/03/2022","07/03/2025"
"CÔNG TY TNHH THƯƠNG MẠI VÀ DỊCH VỤ D.U.O.D.E.S","03 An Nhơn 14","0401628602","079/GCNATTP-ATTP","03/03/2022","03/03/2025"
"ĐỊA ĐIỂM KINH DOANH 3 - CHI NHÁNH CÔNG TY CỔ PHÀN DỊCH VỤ CÀ PHÊ CAO NGUYÊN TẠI ĐÀ NẴNG","Gian hàng 1F-04, Tầng trệt Trung tâm Thương mại Lotte Mart Đà Nẵng, số 06 Nại Nam","0309965814-003","078/2022/ATTP-CNĐK","03/03/2022","03/03/2025"
"CÔNG TY TNHH MTV NĂNG LƯỢNG TỐT","82/3 Trần Khánh Dư","0401884130","076/GCNATTP-ATTP","24/02/2022","24/02/2025"
"Công ty TNHH Vaehen","52 Lê Lợi","0402127609","070/2022/ATTP-CNĐK","21/02/2022","21/02/2025"
"Cơ sở pha chế mắm - Công ty TNHH Một thành viên Ẩm thực Trần","Thôn Quan Châu","0401497212","071/2022/ATTP-ĐNa","21/02/2022","21/02/2025"
"Công ty TNHH WP Products","62A Tiểu La","0402105732","072/GCNATTP-ATTP","21/02/2022","21/02/2025"
"Công ty TNHH Jenca","Lô 01-A4 Khu Biệt thự Đảo Xanh","0401804181","073/2022/ATTP-CNĐK","21/02/2022","21/02/2025"
"Công ty TNHH Gogubnam","98 Dương Đình Nghệ","0402058553","074/2022/ATTP-CNĐK","21/02/2022","21/02/2025"
"CÔNG TY TNHH MTV THÀNH MÍA","Thửa đất số 6-B3-1, tờ bản đồ số HH2, khu đất có ký hiệu A1- thuộc KDC Hòa Hiệp 2","0402077531","058/2022/ATTP-CNĐK","15/02/2022","15/02/2025"
"Chi nhánh Đà Nẵng - Công ty Cổ phần sáng tại ý tưởng kinh doanh","Số 25,27,29 Nguyễn Văn Linh","0107541788-001","046/2022/ATTP-CNĐK","07/02/2022","07/02/2025"
"Công ty TNHH Thương mại Liên Phú Hưng","113 Nguyễn Hữu Thọ,","0401904838","047/2022/ATTP-CNĐK","07/02/2022","07/02/2025"
"Chi nhánh công ty TNHH Một thành viên thương mại quảng cáo VK - tại Đà Nẵng","68 Ỷ Lan Nguyên Phi","0312079069-003","050/2022/ATTP-ĐNa","07/02/2022","07/02/2025"
"Công ty TNHH Seven Bridges","79 Lương Hữu Khánh","0401824491","053/2022/ATTP-CNĐK","07/02/2022","07/02/2025"
"ĐỊA ĐIỂM KINH DOANH SỐ 2 - CÔNG TY TNHH DỊCH VỤ NHÀ HÀNG PHỐ HẢI SẢN","43 Xô Viết Nghệ Tĩnh","0402077556","045/2022/ATTP-CNĐK","07/02/2022","07/02/2025"
"Công ty TNHH Boulevard","355 Nguyễn PHước Lan","0401643907","051/GCNATTP-ATTP","07/02/2022","07/02/2025"
"Chi nhánh Doanh nghiệp tư nhân Nhà Hàng Kiều Khanh","64 Cách Mạng Tháng Tám","0301419186","048/2022/ATTP-CNĐK","07/02/2022","07/02/2025"
"Địa Điểm Kinh Doanh Phúc Long ĐNG 18 - KS - Chi nhánh Đà Nẵng - Công ty Cổ phần Phúc Long Heritage","40 Trần Quang Diệu
","0316871719-002","052/2022/ATTP-CNĐK","07/02/2022","07/02/2025"
"Địa Điểm Kinh Doanh Phúc Long ĐNG 15 - KS - Chi nhánh Đà Nẵng - Công ty Cổ phần Phúc Long Heritage","116/92 Nguyễn Văn Thoại","0316871719-002","049/2022/ATTP-CNĐK","07/02/2022","07/02/2025"
"Công ty TNHH Một thành viên đầu tư phát triển Đông trùng hạ thảo Đà Nẵng","560/7 Trưng Nữ Vương","0401801529","042/2022/ATTP-ĐNa","28/01/2022","28/01/2025"
"ĐỊA ĐIỂM KINH DOANH 12- CHI NHÁNH CÔNG TY CỔ PHẦN DỊCH VỤ CÀ PHÊ CAO NGUYÊN TẠI ĐÀ NẴNG","438 Hùng Vương","0309965814-003","041/2022/ATTP-CNĐK","28/01/2022","28/01/2025"
"Công ty TNHH MTV Nhà hàng An Chi Sài Gòn","Lô 29-31 A10 Nguyễn Chánh","0401883345","031/2022/ATTP-CNĐK","24/01/2022","24/01/2025"
"Địa điểm kinh doanh Công ty TNHH Bonchon Central","18-20 Lê Hồng Phong","0402024628","032/2022/ATTP-CNĐK","24/01/2022","24/01/2025"
"Quán Bar ca nhạc New Phương Đông - Công ty TNHH Hữu Thanh","20 Đống Đa","0400447057","033/2022/ATTP-CNĐK","24/01/2022","24/01/2025"
"Địa điểm kinh doanh 1 - Công ty CỔ phần thương mại và dịch vụ DDG","218/8 Đống Đa","0402056563","034/2022/ATTP-CNĐK","24/01/2022","24/01/2025"
"Công ty TNHH Ân Nam Việt","10 Hồ Sĩ Phấn","0401843078","037/2022/ATTP-ĐNa","24/01/2022","24/01/2025"
"CÔNG TY TNHH DAEGU BAKERY","246 Trưng Nữ Vương","0402124125","30/GCNATTP-ATTP","24/01/2022","24/01/2025"
"Công ty TNHH THực phẩm sạch Vivu","273 Võ An Ninh","0402127278","040/GCNATTP-ATTP","24/01/2022","24/01/2025"
"Công ty TNHH MTV Thiên Ân Food","781 Trường Chinh","0402040700","039/2022/ATTP-ĐNa","24/01/2022","24/01/2025"
"Hộ kinh doanh quán Bony - Căng tin trường THPT Võ Chí Công","93 Cao Hồng Lãnh
","32H8006797","038/2022/ATTP-CNĐK","24/01/2022","24/01/2025"
"Địa điểm kinh doanh quán ăn Nhỏ Chân Gà - Công ty TNHH NCG Food","217 Nguyễn Văn Linh","0402103284","020/2022/ATTP-CNĐK","21/01/2022","21/01/2025"
"Địa điểm kinh doanh Winmart+ ĐNG 146 - Chi nhánh Đà Nẵng - Công ty Cổ phần dịch vụ thương mại tổng hợp Wincommerce","Thửa đất số 445, Tờ bản đồ số 2, Ngã 3 Âu Cơ - Mê Linh ( đối diện chợ An Ngãi Đông)","0104918404-009","023/GCNATTP-ATTP","21/01/2022","21/01/2025"
"Công ty TNHH Một thành viên Gloria's Choice","87 Kỳ Đồng","0402077605","024/2022/ATTP-ĐNa","21/01/2022","21/01/2025"
"Địa điểm kinh doanh Công ty TNHH Thương mại PB Coffee - Nhà xưởng sản xuất","Thửa đát số 3, tờ bản đồ số 139","0402112088","027/2022/ATTP-ĐNa","21/01/2022","21/01/2025"
"Café và thực uống Cha - Địa điểm kinh doanh Công ty Cổ phần Du lịch dịch vụ thương mại Cha","01 Nguyễn Văn Linh","0401908399","026/2022/ATTP-CNĐK","21/01/2022","21/01/2025"
"Cơ sở sản xuất bánh Đồng Thạnh Phát 1 - Công ty TNHH MTV SX TM & DV Đồng Thạnh Phát","60 Điện Biên Phủ","0401943851","022/GCNATTP-ATTP","21/01/2022","21/01/2025"
"Siêu thị Nhật Akuruhi - Địa điểm kinh doanh Công ty TNHH MTV Phan Thành Akuruhi Đà Nẵng","86 Lê Lợi","0402045674","029/GCNATTP-ATTP","21/01/2022","21/01/2025"
"Hộ kinh doanh Đặng Ngọc Minh","Thôn Lệ Sơn Nam","32F8008127","025/2022/ATTP-ĐNa","21/01/2022","21/01/2025"
"Địa điểm kinh doanh Winmart+ ĐNG 149 - Chi nhánh Đà Nẵng - Công ty Cổ phần dịch vụ thương mại tổng hợp Wincommerce","58 Hà Tông Quyền","0104918404-009","016/GCNATTP-ATTP","17/01/2022","17/01/2025"
"SIÊU THỊ GIADAMART - CÔNG TY TNHH HUỲNH KHÔI HƯNG","12 Huy Cận","0401954067","017/2022/ATTP-CNĐK","17/01/2022","17/01/2025"
"ĐỊA ĐIỂM KINH DOANH CÔNG TY TNHH TƯ VẤN THIẾT KẾ VÀ THI CÔNG PHƯỚC AN - HẢI AN FARM","Lô 37 B2.20 KĐT biệt thự sinh thái, công viên văn hóa làng quê và quần thể du lịch sông nước","0401888625","018/GCNATTP-ATTP","17/01/2022","17/01/2025"
"Công ty TNHH Istanbul Anatolian Kebab House","số 33, An Thượng 5","0402025928","015/2022/ATTP-CNĐK","17/01/2022","17/01/2025"
"CÔNG TY TNHH PHƯƠNG SOLEIL","05 Trịnh Đình Thảo","","013/GCNATTP-ATTP","12/01/2022","12/01/2025"
"CÔNG TY TNHH FRESH ECOFARM","20 Đinh Gia Trinh","0402016296","003/GCNATTP-ATTP","12/01/2022","12/01/2025"
"Địa Điểm Kinh Doanh Phúc Long ĐNG 33 - KS - Chi nhánh Đà Nẵng - Công ty Cổ Phần Phúc Long Heritage","220 Thanh Thủy","0316871719-002","007/2022/ATTP-CNĐK","12/01/2022","12/01/2025"
"CỬA HÀNG KINH DOANH - CÔNG TY TNHH THƯƠNG MẠI VÀ DỊCH VỤ HỒNG LIÊN","77 Hoàng Diệu","0400463002","008/GCNATTP-ATTP","12/01/2022","12/01/2025"
"Địa Điểm Kinh Doanh Phúc Long ĐNG 31 - KS - Chi nhánh Đà Nẵng - Công ty Cổ phần Phúc Long Heritage","213 Hoàng Diệu","0316871719-002","009/2022/ATTP-CNĐK","12/01/2022","12/01/2025"
"NHÀ HÀNG KYOTO SUSHI - CÔNG TY TNHH BÌNH GIANG","Lô 9, 10 Võ Nguyên Giáp","0400485905","010/2022/ATTP-CNĐK","12/01/2022","12/01/2025"
"CÔNG TY TNHH PHÁT MỸ HẠNH","Lô 18A - B2 Võ Văn Kiệt","0402094181","011/2022/ATTP-CNĐK","12/01/2022","12/01/2025"
"Bon Pas Bakery & Coffee - Công ty TNHH Đồng Tiến","59 Lê Duẩn","0400418440","012/GCNATTP-ATTP","12/01/2022","12/01/2025"
"CÔNG TY CỔ PHẦN PR.BUTCHERY","64 Lê Quang Đạo","0402042257","014/2022/ATTP-ĐNa","12/01/2022","12/01/2025"
"Địa điểm kinh doanh: Trung tâm Logistics Vinatrans Đà Nẵng - Công ty Cổ phần Giao nhận vận tải Miền Trung","Đường số 2 Khu Công nghiệp Hòa Cầm","0400426836","001/2022/ATTP-ĐNa","10/01/2022","10/01/2025"
"CÔNG TY TNHH DỊCH VỤ NHÀ HÀNG PHỐ HẢI SẢN","100 Tiểu La","0402077556","005/2022/ATTP-CNĐK","10/01/2022","10/01/2025"
"HỘ KINH DOANH NGUYỄN QUỐC TUẤN","Tổ 5 thôn Cồn Mong","32F8010641","004/2022/ATTP-CNĐK","10/01/2022","10/01/2025"
"Địa Điểm Kinh Doanh Phúc Long ĐNG 27 - KS - Chi nhánh Đà Nẵng - Công ty Cổ phần Phúc Long Heritage","357 Ông Ích Khiêm","0316871719-002","002/2022/ATTP-CNĐK","10/01/2022","10/01/2025"
"CÔNG TY TNHH TƯ VẤN ĐẦU TƯ KITANAMI","38 Nguyễn Chí Thanh","0401545917","006/2022/ATTP-CNĐK","10/01/2022","10/01/2025"
"Địa Điểm Kinh Doanh Phúc Long ĐNG 25 - KS - Chi nhánh Đà Nẵng - Công ty Cổ Phần Phúc Long Heritage","296 Nguyễn Hoàng","0316871719-002","447/2021ATTP-CNĐK","31/12/2021","31/12/2024"
"Địa Điểm Kinh Doanh Phúc Long ĐNG 23 - KS - Chi nhánh Đà Nẵng - Công ty Cổ Phần Phúc Long Heritage","445 Trưng Nữ Vương","0316871719-002","443/2021/ATTP-CNĐK","31/12/2021","31/12/2024"
"KHO HÀNG - ĐỊA ĐIỂM KINH DOANH CÔNG TY TRÁCH NHIỆM HỮU HẠN MỘT THÀNH VIÊN HUKI GOURMET","84 Hoàng Đạo Thúy","3301601144","442/2021/ATTP-ĐNa","31/12/2021","31/12/2024"
"Địa Điểm Kinh Doanh Phúc Long ĐNG 20 - KS - Chi nhánh Đà Nẵng - Công ty Cổ Phần Phúc Long Heritage","9 Lý Nhật Quang","0316871719-002","441/2021/ATTP-CNĐK","31/12/2021","31/12/2024"
"CÔNG TY TNHH HOT POT HERO RESTAURANT","48- 50 Võ Văn Kiệt","0402121607","440/2021/ATTP-CNĐK","31/12/2021","31/12/2024"
"Địa Điểm Kinh Doanh Phúc Long ĐNG 19 - KS - Chi nhánh Đà Nẵng - Công ty Cổ Phần Phúc Long Heritage","563 Ngô Quyền","0316871719-002","439/2021/ATTP-CNĐK","31/12/2021","31/12/2024"
"ĐỊA ĐIỂM KINH DOANH SỐ 1- CÔNG TY CỔ PHẦN VSK VIỆT NAM","313 Nguyễn Tri Phương","0401519875","444/GCNATTP-ATTP","31/12/2021","31/12/2024"
"Địa Điểm Kinh Doanh Phúc Long ĐNG 21 - KS - Chi nhánh Đà Nẵng - Công ty Cổ Phần Phúc Long Heritage","324 Ngũ Hành Sơn","0316871719-002","438/2021/ATTP-CNĐK","31/12/2021","31/12/2024"
"ĐỊA ĐIỂM KINH DOANH CĂN TIN TÂM THƯ PHÚC - CÔNG TY TNHH TÂM THƯ PHÚC","Khu K, FU Khu Đô thị FPT Đà Nẵng","0402023906","446/2021/ATTP-CNĐK","31/12/2021","31/12/2024"
"ĐỊA ĐIỂM KINH DOANH CÔNG TY TNHH THƯƠNG MẠI MỸ NAM PHONG","143 Châu Thị Vĩnh Tế","0401999660","445/2021/GCNATTP-ATTP","31/12/2021","31/12/2024"
"Địa Điểm Kinh Doanh Phúc Long ĐNG 17 - KS - Chi nhánh Đà Nẵng - Công ty Cổ Phần Phúc Long Heritage","20 Triệu Việt Vương","0316871719-002","437/2021/ATTP-CNĐK","31/12/2021","31/12/2024"
"ĐỊA ĐIỂM KINH DOANH 4- CHI NHÁNH CÔNG TY CỔ PHẦN DỊCH VỤ CÀ PHÊ CAO NGUYÊN TẠI ĐÀ NẴNG","115 Nguyễn Văn Linh","0309965814-003","436/2021/ATTP-CNĐK","31/12/2021","31/12/2024"
"Địa Điểm Kinh Doanh Phúc Long ĐNG 12 - KS - Chi nhánh Đà Nẵng - Công ty Cổ Phần Phúc Long Heritage","485 Trần Cao Vân","0316871719-002","435/2021/ATTP-CNĐK","31/12/2021","31/12/2024"
"Địa Điểm Kinh Doanh Phúc Long ĐNG 22 - KS - Chi nhánh Đà Nẵng - Công ty Cổ Phần Phúc Long Heritage","200 Núi Thành","0316871719-002","434/2021/ATTP-CNĐK","31/12/2021","31/12/2024"
"CAFE - BAR MEMORY LOUNGE - CÔNG TY CỔ PHẦN XÂY DỰNG BẮC NAM 79","07 Bạch Đằng","0401290218","433/2021/ATTP-CNĐK","31/12/2021","31/12/2024"
"Địa Điểm Kinh Doanh Phúc Long ĐNG 14 - KS - Chi nhánh Đà Nẵng - Công ty Cổ Phần Phúc Long Heritage","253 Huỳnh Ngọc Huệ","0316871719-002","432/2021/ATTP-CNĐK","31/12/2021","31/12/2024"
"ĐỊA ĐIỂM KINH DOANH 1- CHI NHÁNH CÔNG TY CỔ PHẦN DỊCH VỤ CÀ PHÊ CAO NGUYÊN TẠI ĐÀ NẴNG","Gian hàng G10, Tầng trệt, Trung tâm thương mại Indochina Riverside Tower, số 74 Bạch Đằng","0309965814-003","431/2021/ATTP-CNĐK","31/12/2021","31/12/2024"
"ĐỊA ĐIỂM KINH DOANH CÔNG TY CỔ PHẦN SIÊU THỊ 89MART - CỬA HÀNG 89 MART SỐ 1","157 Nguyễn Du","0402116928","430/2021/GCNATTP-ATTP","31/12/2021","31/12/2024"
"Địa Điểm Kinh Doanh Phúc Long ĐNG 13 - KS - Chi nhánh Đà Nẵng - Công ty Cổ Phần Phúc Long Heritage","154 Lê Đình Lý","0316871719-002","429/2021/ATTP-CNĐK","31/12/2021","31/12/2024"
"CÔNG TY TNHH MEMORY LANE","63 Sương Nguyệt Ánh","0402005093","428/2021/ATTP-CNĐK","31/12/2021","31/12/2024"
"CÔNG TY TNHH MỸ PHƯƠNG FOOD","Tổ 4 Thôn Đại La","0402106775","427/2021/ATTP-CNĐK","31/12/2021","31/12/2024"
"Địa Điểm Kinh Doanh Phúc Long ĐNG 24 - KS - Chi nhánh Đà Nẵng - Công ty Cổ Phần Phúc Long Heritage","121 Cù Chính Lan","0316871719-002","426/2021/ATTP-CNĐK","31/12/2021","31/12/2024"
"DOANH NGHIỆP TƯ NHÂN BAM.BI.NÔ","122/11 Quang Trung","0402272336","425/2021/ATTP-CNĐK","31/12/2021","31/12/2024"
"ĐỊA ĐIỂM KINH DOANH - CÔNG TY TNHH TMDV BÌNH A VIỆT","Lô 20-22 Phạm Văn Đồng","0402097640","424/2021/ATTP-CNĐK","31/12/2021","31/12/2024"
"CÔNG TY TNHH NHỎ HONG KONG","44 Trần Văn Trứ","0402119615","423/2021/ATTP-CNĐK","31/12/2021","31/12/2024"
"CHI NHÁNH LIÊN HIỆP HỢP TÁC XÃ THƯƠNG MẠI TP.HỒ CHÍ MINH - CO.OPMART SƠN TRÀ","Lô C2-12 Khu công nghiệp dịch vụ thủy sản Đà Nẵng, đường Bình Than","3217000001","422/GCNATTP-ATTP","31/12/2021","31/12/2024"
"CẢNG HÀNG KHÔNG QUỐC TẾ ĐÀ NẴNG - CHI NHÁNH TỔNG CÔNG TY CẢNG HÀNG KHÔNG VIỆT NAM - CTCP","","0311638525-001","421/2021/ATTP-CNĐK","27/12/2021","27/12/2024"
"CÔNG TY TNHH HIU GROUP JSC","195 Trần Phú","0402103125","420/2021/ATTP-CNĐK","27/12/2021","27/12/2024"
"ĐỊA ĐIỂM KINH DOANH PHÁT COFFEE - CÔNG TY CỔ PHẦN TẬP ĐOÀN ĐẦU TƯ VÀ THƯƠNG MẠI NHẤT PHÁT ĐÀ NẴNG","74 Hải Phòng","0402111937","419/2021/ATTP-CNĐK","27/12/2021","27/12/2024"
"CHI NHÁNH THÀNH PHỐ ĐÀ NẴNG - CÔNG TY TNHH THẢO TIÊN","02 Khuê Mỹ Đông 05","0305065523-005","418/2021/ATTP-ĐNa","27/12/2021","27/12/2024"
"CÔNG TY TNHH LÊ VĂN","Tờ bản đồ số 19, tổ 63","0400485599","416/2021/ATTP-CNĐK","27/12/2021","27/12/2024"
"ĐỊA ĐIỂM KINH DOANH MRP BINGSU & TEA COFFEE - CÔNG TY TNHH KINH DOANH TỔNG HỢP HOÀNG KHÔI","234 Trưng Nữ Vương","0402048428","415/2021/ATTP-CNĐK","27/12/2021","27/12/2024"
"Địa điểm kinh doanh Winmart+ ĐNG 147 - Chi nhánh Đà Nẵng - Công ty Cổ phần Dịch vụ Thương mại tổng hợp Wincommerce","Thửa đất số 1473, tờ bản đồ số 3,Thôn Miếu Bông","0104918404-009","414/2021/GCNATTP-ATTP","27/12/2021","27/12/2024"
"THAI MARKET RESTAURANT 04 - CÔNG TY TNHH THAI MARKET","183 Nguyễn Văn Thoại","0401928941","413/2021/ATTP-CNĐK","23/12/2021","23/12/2024"
"Công ty TNHH thương mại và dịch vụ Lộc Xuân Yến","LÔ 57 B1-15 KHU ĐÔ THỊ SINH THÁI VEN SÔNG HÒA XUÂN - GIAI ĐOẠN 1A,","0401689316","412/2021/ATTP-ĐNa","23/12/2021","23/12/2024"
"ĐỊA ĐIỂM KINH DOANH MRP BINGSU & TEA - CÔNG TY TNHH KINH DOANH TỔNG HỢP HOÀNG KHÔI","Lô 01 A đường Nguyễn Văn Thoại","0402048428","411/2021/ATTP-CNĐK","23/12/2021","23/12/2024"
"CÔNG TY TNHH THỰC PHẨM VÀ ĐỒ UỐNG SALUS","49-51 Thái Phiên","0402111856","403/2021/ATTP-CNĐK","23/12/2021","23/12/2024"
"CÔNG TY TNHH RADIO DUBLIN - CHI NHÁNH ĐÀ NẴNG","01 An Thượng 2","4001186925","402/2021/ATTP-CNĐK","23/12/2021","23/12/2024"
"Công ty TNHH Một Thành viên Say Cheese","23 An Hải Đông 1","0402091367","401/2021/ATTP-CNĐK","23/12/2021","23/12/2024"
"CÔNG TY CỔ PHẦN DỊCH VỤ HÀNG KHÔNG SÂN BAY ĐÀ NẴNG","Sân bay quốc tế Đà Nẵng","0400102045","396/GCNATTP-ATTP","23/12/2021","23/12/2024"
"CÔNG TY CỔ PHẦN KHAI MACARON VN","01 Nguyễn Phi Khanh","0402120868","395/GCNATTP-ATTP","23/12/2021","23/12/2024"
"CHI NHÁNH CÔNG TY TNHH BẾP LỬA VIỆT","414 Tôn Đức Thắng","0310259108-015","393/2021ATTP-CNĐK","16/12/2021","16/12/2024"
"NHÀ HÀNG LÀNG CÁ - CÔNG TY TNHH DỊCH VỤ ĂN UỐNG HOA ĐỎ","262 Võ Nguyên Giáp","0401689789","390/2021/ATTP-CNĐK","16/12/2021","16/12/2024"
"Địa điểm kinh doanh Winmart+ ĐNG 61 - Chi nhánh Đà Nẵng - Công ty Cổ phần dịch vụ thương mại tổng hợp Wincommerce","Lô 6B1-34 KDC số 4 Nguyễn Tri Phương","0104918404-009","386/GCNATTP-ATTP","16/12/2021","16/12/2024"
"ĐỊA ĐIỂM KINH DOANH 04 - CÔNG TY TNHH 4U FARM - ORGANIC & GREEN FOOD","264 Hoàng Diệu","0402059204","391/GCNATTP-ATTP","13/12/2021","13/12/2024"
"CÔNG TY TNHH MTV TOMA FAMILY","16 Chế Lan Viên","0401899401","389/2021/ATTP-CNĐK","13/12/2021","13/12/2024"
"CÔNG TY TNHH MỘT THÀNH VIÊN THƯƠNG MẠI DỊCH VỤ ANANDI","388 Trần Hưng Đạo","0401746236","388/2021/ATTP-CNĐK","13/12/2021","13/12/2024"
"Xưởng sản xuất - Công ty TNHH Một thành viên sản xuất và thương mại Vinafin","Đường số 9A Khu Công nghiệp Hòa Khánh","0401689605","380/2021/ATTP-ĐNa","13/12/2021","13/12/2024"
"Hộ kinh doanh Thanh Minh","Căn tin Trường THPT Tôn Thất Tùng, số 200 đường Trần Nhân Tông
","32A8033686","368/2021/ATTP-CNĐK","06/12/2021","06/12/2024"
"Địa điểm kinh doanh Winmart+ ĐNG 142 - Chi nhánh Đà Nẵng - Công ty Cổ phần Dịch vụ Thương mại tổng hợp Wincommerce","407 Âu Cơ","0104918404-009","372/GCNATTP-ATTP","06/12/2021","06/12/2024"
"Cửa hàng tự chọn K-Market Phạm Văn Đồng Đà Nẵng - Công ty TNHH Thương mại K & K Toàn Cầu","Lô A10 đường Phạm Văn Đồng","0106488901","369/GCNATTP-ATTP","06/12/2021","06/12/2024"
"Địa điểm kinh doanh Cửa hàng tự chọn K-Market Monarchy Đà Nẵng - Công ty TNHH Thương mại K & K Toàn Cầu","535 Trần Hưng Đạo","0106488901","375/GCNATTP-ATTP","06/12/2021","06/12/2024"
"Hộ kinh doanh xưởng đá Thành Vinh","Số 37 Trần Nhật Duật (thửa đất số 385, tờ bản đồ số 90)","32C8013865","373/2021/GCNATTP-ATTP","06/12/2021","06/12/2024"
"Công ty TNHH Khang Kenvin","Phú Thượng","0402112440","376/2021/ATTP-ĐNa","06/12/2021","06/12/2024"
"Địa điểm kinh doanh - Cửa hàng Lương Gia Tuệ - Công ty TNHH Lương Gia Tuệ","21 Lê Sát","0401770334","377/2021/ATTP-ĐNa","06/12/2021","06/12/2024"
"Hộ kinh doanh Hứa Thị Phượng","Căn tin Bệnh viện tâm thần Đà Nẵng, số 193 Nguyễn Lương Bằng","32E8010491","378/2021/ATTP-CNĐK","06/12/2021","06/12/2024"
"Công ty TNHH Một thành viên Bếp 68","K87/8 Mẹ Nhu","0402107200","370/2021/ATTP-CNĐK","06/12/2021","06/12/2024"
"Công ty Cổ phần đầu tư dịch vụ và thương mại Phúc Nguyên","228-230 Nguyễn Phước Lan","0402118731","371/2021/ATTP-CNĐK","06/12/2021","06/12/2024"
"Công ty TNHH Sóc Con","3/49 Nguyễn Khuyến","0401780011","379/2021/ATTP-ĐNa","06/12/2021","06/12/2024"
"Công ty TNHH Ông Béo Mập","81 Đống Đa","0402088702","374/2021/ATTP-CNĐK","06/12/2021","06/12/2024"
"Công ty TNHH Bia Ngũ Hành","Lô Đ, đường số 3, Khu công nghiệp Liên Chiểu","0401844297","366/GCNATTP-ATTP","01/12/2021","01/12/2024"
"Địa điểm kinh doanh Winmart+ ĐNG 71 - Chi nhánh Đà Nẵng - Công ty Cổ phần Dịch vụ Thương mại tổng hợp Wincommerce","52 Ngô Thì Nhậm","0104918404-009","365/GCNATTP-ATTP","01/12/2021","01/12/2024"
"Địa điểm kinh doanh Winmart+ ĐNG 75 - Chi nhánh Đà Nẵng - Công ty Cổ phần Dịch vụ Thương mại tổng hợp Wincommerce","148 Ông Ích Khiêm","0104918404-009","367/GCNATTP-ATTP","01/12/2021","01/12/2024"
"Công ty TNHH MEZ","211 Nguyễn Văn Thoại","0402042472","360/GCNATTP-ATTP","30/11/2021","30/11/2024"
"Địa điểm kinh doanh Winmart+ ĐNG 144 - Chi nhánh Đà Nẵng - Công ty Cổ phần Dịch vụ Thương mại tổng hợp Wincommerce","438 Trần Đại Nghĩa","0104918404-009","362/GCNATTP-ATTP","30/11/2021","30/11/2024"
"Địa điểm kinh doanh Winmart+ ĐNG 71 - Chi nhánh Đà Nẵng - Công ty Cổ phần Dịch vụ Thương mại tổng hợp Wincommerce","61 Phạm Văn Nghị","0104918404-009","361/GCNATTP-ATTP","30/11/2021","30/11/2024"
"Công ty Cổ phần Đầu tư dịch vụ giải trí Thế Giới 99","11 Trần Phú","0401961522","363/2021/ATTP-CNĐK","30/11/2021","30/11/2024"
"Kho chứa hàng số 2 - Công ty TNHH Người Sành Ăn","51-53 Hoàng DIệu","0400477968","349/2021/ATTP-ĐNa","25/11/2021","25/11/2024"
"Địa điểm kinh doanh Winmart+ ĐNG 145 - Chi nhánh Đà Nẵng - Công ty Cổ phần Dịch vụ Thương mại tổng hợp Wincommerce","02 Phan Xích Long","0104918404-009","352/GCNATTP-ATTP","25/11/2021","25/11/2024"
"Địa điểm kinh doanh Công ty Cổ phần thương mại dịch vụ Trà Cà phê VN -The Coffee House - Cửa hàng số 116","09 Triệu Nữ Vương","0312867172-022","356/2021/ATTP-CNĐK","25/11/2021","25/11/2024"
"Chi nhánh Công ty TNHH Pizza Việt Nam tại Đà Nẵng - Địa điểm kinh doanh Nhà hàng Pizza Hut SD Lê Duẩn","425 Lê Duẩn","0303902751-009","357/2021/ATTP-CNĐK","25/11/2021","25/11/2024"
"Địa điểm kinh doanh Winmart+ ĐNG 143 - Chi nhánh Đà Nẵng - Công ty Cổ phần Dịch vụ Thương mại tổng hợp Wincommerce","160A-B2-5, KDC số 1, ĐT 605","0104918404-009","355/GCNATTP-ATTP","25/11/2021","25/11/2024"
"Công ty TNHH Xây dựng và thương mại HP78","Lô 53-B2-4 KDC số 2 đường DT 605","0402040073","350/2021/ATTP-ĐNa","25/11/2021","25/11/2024"
"Địa điểm kinh doanh Winmart+ ĐNG 73 - Chi nhánh Đà Nẵng - Công ty Cổ phần Dịch vụ Thương mại tổng hợp Wincommerce","200 Núi Thành","0104918404-009","351/GCNATTP-ATTP","25/11/2021","25/11/2024"
"Công ty TNHH E.A.R.N Group","99 Ông Ích Khiêm","0402101304","354/2021/ATTP-CNĐK","25/11/2021","25/11/2024"
"Địa điểm kinh doanh Winmart+ ĐNG 64 - Chi nhánh Đà Nẵng - Công ty Cổ phần Dịch vụ Thương mại tổng hợp Wincommerce","110 Tiểu La","0104918404-009","358/GCNATTP-ATTP","25/11/2021","25/11/2024"
"Địa điểm kinh doanh Winmart+ ĐNG 74 - Chi nhánh Đà Nẵng - Công ty Cổ phần Dịch vụ Thương mại tổng hợp Wincommerce","119 Huỳnh Ngọc Huệ","0104918404-009","359/GCNATTP-ATTP","25/11/2021","25/11/2024"
"Cửa hàng thực phẩm - Địa điểm kinh doanh Công ty TNHH Đức Lâm","227 Nguyễn Tất Thành","0400462104","348/2021/ATTP-ĐNa","25/11/2021","25/11/2024"
"Công ty TNHH Một thành viên Bá Lộc Phúc","K90/1 Phan Thanh","0401697998","339/2021/ATTP-ĐNa","22/11/2021","22/11/2024"
"Công ty TNHH Thực phẩm đông lạnh T&T","368/30 Ngũ Hành Sơn","0402111831","340/2021/ATTP-ĐNa","22/11/2021","22/11/2024"
"Địa điểm kinh doanh - Công ty TNHH Dịch vụ Sơn Giang","số 38 Pastuer","0401376190","345/2021/ATTP-CNĐK","22/11/2021","22/11/2024"
"Công ty TNHH Clement & Cayden","57 An Thượng 4, Lô 28","0402102989","334/2021/ATTP-CNĐK","22/11/2021","22/11/2024"
"Công ty TNHH Nhà hàng Ấn Độ Ganesh Đà Nẵng","187 Lê Quang Đạo","0402090596","338/2021/ATTP-CNĐK","22/11/2021","22/11/2024"
"Công ty TNHH Ẩm thực Đài Loan Shilin","290 Đống Đa","0402112313","335/2021/ATTP-CNĐK","22/11/2021","22/11/2024"
"Công ty TNHH Community Hookah","Thửa đất số: 50 và 51, tờ bản đồ số: 53, Lô 61 và 62-B2-15, TDC Phía đông Xưởng 38 và Xưởng 387, phường Mỹ An, quận Ngũ Hành Sơn","4201916449","342/2021/ATTP-CNĐK","22/11/2021","22/11/2024"
"Địa điểm kinh doanh Winmart+ ĐNG 10 - Chi nhánh Đà Nẵng - Công ty Cổ phần Dịch vụ Thương mại tổng hợp Wincommerce","408 Hoàng Diệu","0104918404-009","346/GCNATTP-ATTP","22/11/2021","22/11/2024"
"Doanh nghiệp tư nhân nhà hàng Ngư Phố","219 Trần Phú","0402118227","341/2021/ATTP-CNĐK","22/11/2021","22/11/2024"
"Địa điểm kinh doanh Gumption - Công ty TNHH MTV Beauty Luck","Lô 45-46 Trần Văn Trứ","0402003674","343/2021/ATTP-CNĐK","22/11/2021","22/11/2024"
"Địa điểm kinh doanh Winmart+ ĐNG 69 - Chi nhánh Đà Nẵng - Công ty Cổ phần Dịch vụ Thương mại tổng hợp Wincommerce","563 Ngô Quyền","0104918404-009","337/GCNATTP-ATTP","22/11/2021","22/11/2024"
"Địa điểm kinh doanh Winmart+ ĐNG 66 - Chi nhánh Đà Nẵng - Công ty Cổ phần Dịch vụ Thương mại tổng hợp Wincommerce","101 Âu Cơ","0104918404-009","347/GCNATTP-ATTP","22/11/2021","22/11/2024"
"Cửa hàng gà sạch Hoàng Liễu - Công ty Cổ phần Khởi Nghiệp","116 Bạch Đằng","0400541596","344/2021/ATTP-ĐNa","22/11/2021","22/11/2024"
"Chi nhánh Công ty TNHH CJ CGV Việt Nam tại thành phố Đà Nẵng","Khu Thương mại Vĩnh Trung, đường Hùng Vương","0303675393-004","336/2021/ATTP-CNĐK","22/11/2021","22/11/2024"
"địa điểm kinh doanh: cơ sở sản xuất - Công ty TNHH Thái Huy Bảo","số 10 đường Đồng Xoài
","0401898052","323/2021/ATTP-CNĐK","12/11/2021","12/11/2024"
"Công ty TNHH thương mại & dịch vụ Thủ Đô","Lô 11A P1, đường số 5, KCN Đà Nẵng","0400566537","333/GCNATTP-ATTP","12/11/2021","12/11/2024"
"Địa điểm kinh doanh 1 - Chi nhánh Công ty cổ phần Bắc Đẩu tại Đà Nẵng","145 Quang Trung","0304571333-002","330/2021/ATTP-CNĐK","12/11/2021","12/11/2024"
"Công ty TNHH Nhà hàng Poomba's American BBQ","29/11 Hồ Xuân Hương","0402033728","322/2021/ATTP-CNĐK","12/11/2021","12/11/2024"
"Công ty TNHH An Thạnh","Bếp ăn tập thể suất ăn bệnh lý Khoa dinh dưỡng Bệnh viện Đà Nẵng - 124 Hải Phòng","0400542007","331/2021/ATTP-CNĐK","12/11/2021","12/11/2024"
"Địa điểm kinh doanh New Quán Á - Công ty TNHH Food & Travel","01 Đầm Rong 1","0401978942","326/2021/ATTP-CNĐK","12/11/2021","12/11/2024"
"Công ty TNHH MTV Chăm sóc Mẹ và bé Mbcare","K21/1 Trần Xuân Lê","0401913790","332/2021/ATTP-CNĐK","12/11/2021","12/11/2024"
"Công ty Cổ phần Giấy Vàng","Lô D, đường số 10, Khu công nghiệp Hòa Khánh
","0400565660","328/GCNATTP-ATTP","12/11/2021","12/11/2024"
"Chi nhánh Công ty Cổ phần Bắc Đẩu tại Đà Nẵng","76 Duy Tân","0304571333-002","325/2021/ATTP-CNĐK","11/11/2021","11/11/2024"
"Địa điểm kinh doanh 11 - Chi nhánh Công ty cổ phần dịch vụ cà phê Cao Nguyên tại Đà Nẵng","9 Đặng Thùy Trâm","0309965814-003","324/2021/ATTP-CNĐK","11/11/2021","11/11/2024"
"Địa điểm kinh doanh 10 - Chi nhánh Công ty cổ phần dịch vụ cà phê Cao Nguyên tại Đà Nẵng","214-216 Trần Phú
","0309965814-003","329/2021/ATTP-CNĐK","11/11/2021","11/11/2024"
"Công ty TNHH Cung ứng rau, củ, quả sạch: Trung - Nam. Farm","36 đường Hàm Tử","0402111126","327/2021/ATTP-ĐNa","11/11/2021","11/11/2024"
"Công ty TNHH Panviet Akimoto","122 Phạm Cự Lượng","0401664329","320/GCNATTP-ATTP","08/11/2021","08/11/2024"
"Nhà hàng Zzuggubbong - Công ty TNHH Mai Phương Nhi","Thửa đất số 129, tờ bản đồ: KT03/4, số 04 đường Nguyễn Hữu Thông","0401840052","321/2021/ATTP-CNĐK","08/11/2021","08/11/2024"
"Cửa hàng KFC Nguyễn Thị Minh Khai - Chi nhánh Công ty Liên doanh TNHH KFC Việt Nam tại thành phố Đà Nẵng","116 Nguyễn Thị Minh Khai","0100773885-031","319/2021/ATTP-CNĐK","08/11/2021","08/11/2024"
"Công ty Cổ phần thực phẩm Ngon - Sạch - Bổ","28 Lê Thanh Nghị","0400462023","311/GCNATTP-ATTP","03/11/2021","03/11/2024"
"Công ty TNHH Tường Nga Foods","160 Âu Cơ","0402112391","314/2021/ATTP-ĐNa","01/11/2021","01/11/2024"
"Công ty TNHH Một thành viên cà phê Mayaca","53 Nguyễn Thị Thập","0401832340","315/2021/ATTP-CNĐK","01/11/2021","01/11/2024"
"Công ty TNHH Ánh Dương Sông Hàn","Bếp ăn tập thể Công ty TNHH Universal Alloy Corporation Việt Nam, Lô 9A, đường số 7, khu công nghệ cao","0402028291","312/2021/ATTP-CNĐK","01/11/2021","01/11/2024"
"Chi nhánh Đà Nẵng Công ty TNHH MTV Việt Nam Vegetables","36 Tiên Sơn 18","0315549932-001","313/2021/ATTP-ĐNa","01/11/2021","01/11/2024"
"Công ty Cổ phần 4C'S Restaurant","03 Trần Trọng Khiêm","0402110757","316/2021/ATTP-CNĐK","01/11/2021","01/11/2024"
"Công ty Cổ phần Thương mại và đầu tư Primex","164-164B Nguyễn Chí Thanh","0402061274","305/2021/ATTP-ĐNa","25/10/2021","25/10/2024"
"Địa điểm kinh doanh 19 - Chi nhánh Công ty Cổ phần dịch vụ cà phê Cao nguyên tại Đà Nẵng","165L Lê Lợi","","306/2021/ATTP-CNĐK","25/10/2021","25/10/2024"
"Hộ kinh doanh Anh Khoa","Căng tin Trường THPT Chuyên Lê Quý Đôn, 01 VŨ Văn Dũng","32E8009037","307/2021/ATTP-CNĐK","25/10/2021","25/10/2024"
"Cơ sở sản xuất & chế biến cà phê - Địa điểm kinh doanh Công ty TNHH MTV cà phê Indo-vina","thửa đất số 18 tờ bản đồ số 21 đường Đồng Trí 7
","0402104023","310/2021/ATTP-ĐNa","25/10/2021","25/10/2024"
"Công ty TNHH Đắc Vinh","407 Trưng Nữ Vương","0400451293","309/2021/ATTP-ĐNa","25/10/2021","25/10/2024"
"Xưởng sản xuất - Địa điểm kinh doanh Công ty TNHH Thiện Trung Phát","Thửa đất số 95, tờ bản đồ số 12, tổ 25","0402101664","301/2021/ATTP-CNĐK","18/10/2021","18/10/2024"
"Công ty TNHH Một thành viên Thực phẩm Nhật Anh","Thửa đất số 109, tờ bản đồ số 220, tổ 67","0401671012","302/2021/ATTP-ĐNa","18/10/2021","18/10/2024"
"Công ty TNHH MTV R-S Community","135 Trần Hưng Đạo","0401984939","303/2021/ATTP-CNĐK","18/10/2021","18/10/2024"
"Cơ sở sản xuất đá viên tinh khiết","14 Mai Am","32A8021223","299/2021","18/10/2021","18/10/2024"
"Xưởng sản xuất Công ty Cổ phần Quốc tế Phước Long","Lô B2-15-31 Khu Đô thị Phước Lý","0401523430","300/2021","18/10/2021","18/10/2024"
"Chi nhánh 2 của Công ty TNHH CJ CGV Việt Nam","Tầng 4 Trung tâm thương mại Riverview Complex Đà Nẵng","0303675393","298/2021","18/10/2021","18/10/2024"
"Cơ sở chế biến thực phẩm - Địa điểm kinh doanh Công ty TNHH Đức Lâm","thôn Đông Lâm","","296/2021","18/10/2021","18/10/2024"
"Công ty TNHH NCG Food","408/4 Tôn Đản","0402103284","297/2021","18/10/2021","18/10/2024"
"Công ty TNHH Chân Gà Chờ","86 Nguyễn Thị Định","0402092184","295/2021","18/10/2021","18/10/2024"
"Hộ kinh doanh Cao Xuân Tây","Lô số 32 B2-22 Đường Trịnh Lỗi","32D8003946","293/2021/ATTP-CNĐK","11/10/2021","11/10/2024"
"Trường mầm non Sky-line cơ sở 3 - Công ty Cổ phần đầu tư L.I.F.E","Lô A2 Trần Đăng Ninh","0400650549","294/2021","11/10/2021","11/10/2024"
"Công ty TNHH Một thành viên Thương mại và dịch vụ du lịch vận tải Kim Đại Thắng","30 Hòa An 3","0401490802","292/2021/ATTP-CNĐK","27/09/2021","27/09/2024"
"Doanh nghiệp tư nhân Phúc Thiên Hưng","67 Duy Tân","0401573706","291/2021/ATTP-CNĐK","27/09/2021","27/09/2024"
"Công ty TNHH Công nghệ xử lý nước Quang Trí","52 Hàn Thuyên","0400465225","288/2021/ATTP-CNĐK","27/09/2021","27/09/2024"
"vinmart+ ĐN 57 - Chi nhánh Đà Nẵng - Công ty Cổ phần Dịch vụ Thương mại tổng hợp Vincommerce","445 Trưng Nữ Vương","0104918404-009","289/2021","27/09/2021","27/09/2024"
"Vinmart+ ĐN 38 - Chi nhánh Đà Nẵng - Công ty Cổ phần Dịch vụ Thương mại tổng hợp Vincommerce","237 Lê Tấn Trung","0104918404-009","287/2021","27/09/2021","27/09/2024"
"Trung tâm công nghệ sinh học Đà Nẵng","Tổ 25","","290/2021","27/09/2021","27/09/2024"
"Xưởng sản xuất Vita - Địa điểm kinh doanh Công ty TNHH TM&DV Vita Corporation","Lô 43 Quán Khái 5","0401840694","286/2021/ATTP-ĐNa","20/09/2021","20/09/2024"
"Công ty TNHH Thực phẩm Chuột Túi Việt Nam","157 Phó Đức Chính","0401904517","285/2021/GCNATTP-ATTP","10/09/2021","10/09/2024"
"Vinmart+ ĐN 69 - Chi nhánh Đà Nẵng - Công ty Cổ phần Dịch vụ Thương mại tổng hợp Vincommerce","324 Ngũ Hành Sơn","0104918404-009","280/2021/GCNATTP-ATTP","09/09/2021","09/09/2024"
"vinmart+ ĐN 71 - Chi nhánh Đà Nẵng - Công ty Cổ phần Dịch vụ Thương mại tổng hợp Vincommerce","88-90 Huyền Trân Công Chúa","0104918404-","279/2021/GCNATTP-ATTP","09/09/2021","09/09/2024"
"vinmart+ ĐN 36 - Chi nhánh Đà Nẵng - Công ty Cổ phần Dịch vụ Thương mại tổng hợp Vincommerce","36 Trần Quý Hai","0104918404-009","277/2021/GCNATTP-ATTP","09/09/2021","09/09/2024"
"Vinmart+ ĐN 64 - Chi nhánh Đà Nẵng - Công ty Cổ phần Dịch vụ Thương mại tổng hợp Vincommerce","103 Nguyễn Huy Tưởng","0104918404-009","276/2021/GCNATTP-ATTP","09/09/2021","09/09/2024"
"Vinmart+ ĐN 63 - Chi nhánh Đà Nẵng - Công ty Cổ phần Dịch vụ Thương mại tổng hợp Vincommerce","357 Ông Ích Khiêm","0104918404-009","278/2021/GCNATTP-ATTP","09/09/2021","09/09/2024"
"vinmart+ ĐN 68 - Chi nhánh Đà Nẵng - Công ty Cổ phần Dịch vụ Thương mại tổng hợp Vincommerce","lô 131 khu C1 KDC Làng cá Nại Hiên Đông","0104918404-009","284/2021","09/09/2021","09/09/2024"
"Địa điểm kinh doanh Winmart+ ĐNG 60 - Chi nhánh Đà Nẵng - Công ty Cổ phần dịch vụ thương mại tổng hợp Wincommerce","135B Nguyễn Công Trứ","0104918404-009","283/GCNATTP-ATTP","09/09/2021","09/09/2024"
"Địa điểm kinh doanh Winmart+ ĐNG 62 - Chi nhánh Đà Nẵng - Công ty Cổ phần dịch vụ thương mại tổng hợp Wincommerce","20 Triệu Việt Vương","0104918404-009","281/GCNATTP-ATTP","09/09/2021","09/09/2024"
"Địa điểm kinh doanh Winmart+ ĐNG 67 - Chi nhánh Đà Nẵng - Công ty Cổ phần dịch vụ thương mại tổng hợp Wincommerce","40 Trần Quang Diệu","0104918404-009","282/GCNATTP-ATTP","09/09/2021","09/09/2024"
"vinmart+ ĐN 73 - Chi nhánh Đà Nẵng - Công ty Cổ phần Dịch vụ Thương mại tổng hợp Vincommerce","63 Phan Tứ","0104918404-009","274/2021","04/09/2021","04/09/2024"
"Địa điểm kinh doanh Winmart+ ĐNG 63 - Chi nhánh Đà Nẵng - Công ty Cổ phần dịch vụ thương mại tổng hợp Wincommerce","234 Lê Văn Hiến","0104918404-009","268/GCNATTP-ATTP","04/09/2021","04/09/2024"
"Vinmart+ ĐN 66 - Chi nhánh Đà Nẵng - Công ty Cổ phần Dịch vụ Thương mại tổng hợp Vincommerce","Lô D5-30 KDC Nam Cầu Cẩm Lệ","0104918404-009","266/2021","04/09/2021","04/09/2024"
"vinmart+ ĐN 62 - Chi nhánh Đà Nẵng - Công ty Cổ phần Dịch vụ Thương mại tổng hợp Vincommerce","47 Châu Thượng Văn","0104918404-009","271/2021","04/09/2021","04/09/2024"
"vinmart+ ĐN 75 - Chi nhánh Đà Nẵng - Công ty Cổ phần Dịch vụ Thương mại tổng hợp Vincommerce","274 Nguyễn Phước Nguyên","0104918404-009","272/2021","04/09/2021","04/09/2024"
"vinmart+ ĐN 67 - Chi nhánh Đà Nẵng - Công ty Cổ phần Dịch vụ Thương mại tổng hợp Vincommerce","76B-76C Bà Huyện Thanh Quan","0104918404-009","270/2021","04/09/2021","04/09/2024"
"Địa điểm kinh doanh Winmart+ ĐNG 65 - Chi nhánh Đà Nẵng - Công ty Cổ phần dịch vụ thương mại tổng hợp Wincommerce","99 Cách mạng tháng 8","0104918404-009","273/GCNATTP-ATTP","04/09/2021","04/09/2024"
"vinmart+ ĐN 74 - Chi nhánh Đà Nẵng - Công ty Cổ phần Dịch vụ Thương mại tổng hợp Vincommerce","31 Thành Thái","0104918404-009","267/2021","04/09/2021","04/09/2024"
"Vinmart+ ĐN 70 - Chi nhánh Đà Nẵng - Công ty Cổ phần Dịch vụ Thương mại tổng hợp Vincommerce","522 Núi Thành","0104918404-009","269/2021","04/09/2021","04/09/2024"
"Vinmart+ ĐN 55 - Chi nhánh Đà Nẵng - Công ty Cổ phần Dịch vụ Thương mại tổng hợp Vincommerce","248 Đống Đa","0104918404-009","275/2021","04/09/2021","04/09/2024"
"Vinmart+ ĐN 37 - Chi nhánh Đà Nẵng - Công ty Cổ phần Dịch vụ Thương mại tổng hợp Vincommerce","125 Ông Ích Đường","0104918404-009","265/2021","04/09/2021","04/09/2024"
"Địa điểm kinh doanh Công ty TNHH Ánh Dương Sông Hàn","40 Nam Cao","0402028291","256/2021","06/08/2021","06/08/2024"
"Công ty TNHH MTV sản xuất & TM Đại Cường","thôn Đông Lâm","0401851223","263/2021","06/08/2021","06/08/2024"
"Công ty TNHH Một thành viên Tiến Đạt Water","Cổng số 01 đường lên đỉnh núi Sơn Trà (đường Yết Kiêu), tổ 13","0402081256","264/2021/ATTP-CNĐK","29/07/2021","29/07/2024"
"Công ty cổ phần Dưỡng khí Đà Nẵng","Đường số 2 KCN Hòa Khánh","0400100591","261/2021","19/07/2021","19/07/2024"
"Công ty Cổ phần Bảo Nguyên Food and Event","58 Hồ Huân Nghiệp","0400591068","258/2021","19/07/2021","19/07/2024"
"Cơ sở sản xuất nước uống đóng chai Bảo Ngọc - Nhãn hiệu Rio","Thôn Lệ Sơn Bắc","32F8007692","259/2021","19/07/2021","19/07/2024"
"Công ty TNHH MTV Wafelco","54 An Thượng 24","0402089738","262/2021","19/07/2021","19/07/2024"
"Văn phòng giao dịch - Công ty TNHH MTV Thương mại tổng hợp Tú Tuyên","Lô 18,19, 20 Trần Tử Bình","0401807640","260/2021","19/07/2021","19/07/2024"
"Công ty TNHH Kazoku Việt Nam","18 Mỹ Đa Tây 2","0402070705","257/2021","12/07/2021","12/07/2024"
"Chi nhánh 13 Công ty TNHH Một thành viên Phổ Đình (TP Đà Nẵng)","104-106 Yên Bái","0308455031-013","253/2021/ATTP-CNĐK","12/07/2021","12/07/2024"
"Chi nhánh Công ty TNHH Một thành viên Hải Đảo Lý Sơn Quảng Ngãi","659 Nguyễn Tất Thành","4300742793","254/2021/ATTP-ĐNa","12/07/2021","12/07/2024"
"Công ty TNHH Phát Nguyên Minh","33 Nguyễn Thị Minh Khai","0401554083","252/2021","12/07/2021","12/07/2024"
"Công ty Cổ phần tập đoàn phát triển ngành pha chế Kengroup - Chi nhánh Đà Nẵng","899 Nguyễn Tất Thành","0315608218-002","251/2021","12/07/2021","12/07/2024"
"Công ty TNHH Công nghệ sinh học Vinseed","258-260 đường Lê Quảng Chí","0401907268","255/2021","12/07/2021","12/07/2024"
"Vinmart+ ĐN 5 - Chi nhánh Đà Nẵng - Công ty Cổ phần Dịch vụ Thương mại tổng hợp Vincommerce","K8-K09 Trần Hưng Đạo","0104918404-009","250/2021/GCNATTP-ATTP","05/07/2021","05/07/2024"
"Công ty Cổ phần Đầu tư phát triển đô thị Đất Vàng","Tầng 1, Căn hộ A102, chung cư Monarchy Block A, đường Trần Hưng Đạo","0401876570","244/2021/ATTP-CNĐK","05/07/2021","05/07/2024"
"Chi nhánh Công ty TNHH Nam Trung Hải tại thành phố Đà Nẵng","thôn Đông Sơn","0306077680-001","246/2021/ATTP-CNĐK","05/07/2021","05/07/2024"
"Nhà hàng Cobao - Công ty TNHH TM&DV DanaViet","Lô 33-34-35-36 Trần Văn Trứ","0402070215","245/2021/ATTP-CNĐK","05/07/2021","05/07/2024"
"Hộ kinh doanh Thiên Thanh","33 Xuân Quỳnh","32D8009596","247/2021/ATTP-CNĐK","05/07/2021","05/07/2024"
"Địa điểm kinh doanh - Công ty TNHH Amian Việt Nam","K24/21 đường Nguyễn Thiện Kế, Tổ 21","0402103291","248/2021/ATTP-ĐNa","05/07/2021","05/07/2024"
"Công ty TNHH Bảo An Food","03 An Nhơn 1","0402104055","243/2021/ATTP-ĐNa","05/07/2021","05/07/2024"
"Công ty TNHH sản xuất thương mại dịch vụ Đắk Phú","Thửa đất số 6, tờ bản đồ số 268, tổ 170 Khánh Sơn","0401879564","249/2021/ATTP-ĐNa","05/07/2021","05/07/2024"
"Địa điểm kinh doanh - Kho hàng Đà Nẵng - Chi nhánh Công ty TNHH Samsung SDS Việt Nam tại thành phố Hồ Chí Minh","Đường số 8, KCN Hòa Cầm","2300680991-001","234/2021","28/06/2021","28/06/2024"
"Vinmart+ĐN 13 - Chi nhánh Đà Nẵng - Công ty Cổ phần Dịch vụ Thương mại tổng hợp Vincommerce","Tổ 13","0104918404-009","235/2021/GCNATTP-ATTP","28/06/2021","28/06/2024"
"Vinmart+ ĐN 6 - Chi nhánh Đà Nẵng - Công ty Cổ phần Dịch vụ Thương mại tổng hợp Vincommerce","E2-4 và E2-5 Khúc Hạo","0104918404-009","239/2021/GCNATTP-ATTP","28/06/2021","28/06/2024"
"Công ty TNHH Một Thành viên Võ Ngọc Gia","Tổ 16A","0401618259","238/2021/ATTP-CNĐK","28/06/2021","28/06/2024"
"Công ty TNHH sản xuất thương mại và dịch vụ Phát Tâm An","Lô 923 Khu B1-13 Khu tái định cư Hòa Liên","0402092829","232/2021/ATTP-CNĐK","28/06/2021","28/06/2024"
"Hộ kinh doanh Trung Dương","11 Đặng Vũ Hỷ (Tổ 28 Mỹ Quang)","32C8000836","241/2021/ATTP-CNĐK","28/06/2021","28/06/2024"
"Phân xưởng sản xuất - Công ty TNHH Một thành viên Nguyên Hưng Thịnh","Lô 01 B1.4 Khu đô thị Vịnh Mân Quang","0401317050","240/2021/ATTP-CNĐK","28/06/2021","28/06/2024"
"Chi nhánh Công ty TNHH jollibee Việt Nam tại Đà Nẵng","32 Tiểu La","0303883266-012","237/2021/ATTP-CNĐK","28/06/2021","28/06/2024"
"Địa điểm kinh doanh 1 - Kho hàng Đà Nẵng Chi nhánh Công ty TNHH Thực phẩm sạch Thương mại T&P","Lô 28-B2.6 Khu số 4 mở rộng - Khu đô thị Nam Cầu Tuyên Sơn","0105957237-005","233/2021/ATTP-ĐNa","28/06/2021","28/06/2024"
"Công ty TNHH IT Vector 3 Vietnam","19 Nguyễn Thông","0401707910","242/2021/GCNATTP-ATTP","28/06/2021","28/06/2024"
"Vinmart+ ĐN 19 - Chi nhánh Đà Nẵng - Công ty Cổ phần Dịch vụ Thương mại tổng hợp Vincommerce","278C Trưng Nữ Vương","0104918404-009","236/2021/GCNATTP-ATTP","28/06/2021","28/06/2024"
"Vinmart+ĐN 2- Chi nhánh Đà Nẵng- Công ty Cổ phần Dịch vụ Thương mại Tổng hợp Vincommerce","53 Phan Đăng Lưu","0104918404-009","219/2021/GCNATTP-ATTP","21/06/2021","21/06/2024"
"Vinmart+ĐN 15 - Chi nhánh Đà Nẵng - Công ty Cổ phần Dịch vụ Thương mại tổng hợp Vincommerce","88 Hà Huy Tập","0104918404-009","229/2021/GCNATTP-ATTP","21/06/2021","21/06/2024"
"Địa điểm kinh doanh - Palazzo Restaurant - Công ty Cổ phần Palazzo","58 Lê Quang Đạo","0402077595","227/2021/ATTP-CNĐK","21/06/2021","21/06/2024"
"Doanh nghiệp tư nhân Phúc Lâm Thành","Căng tin tại Công ty TNHH Phần mềm FPT Miền Trung; Tòa nhà FPT Complex, đường Nam Kỳ Khởi Nghĩa","","218/2021/ATTP-CNĐK","21/06/2021","21/06/2024"
"Công ty TNHH Lục Gia Phú","88 Thanh Vinh 4","0400455393","230/2021/ATTP-CNĐK","21/06/2021","21/06/2024"
"Hộ kinh doanh Tuấn Linh","48 Lê Thị Xuyến","32B8014373","222/2021/ATTP-CNĐK","21/06/2021","21/06/2024"
"Địa điểm kinh doanh Foster Đà Nẵng - Công ty TNHH Thương mại - Dịch vụ Hoa Mai","Đường số 1, KCN Hòa Cầm","0302797984","226/2021/ATTP-CNĐK","21/06/2021","21/06/2024"
"Địa điểm kinh doanh Công ty TNHH Jollibee Việt Nam - Jollibee Sơn Trà","Gian hàng L4-04 và L4-05 Trung tâm Thương mại Vincom Đà Nẵng","0303883266","228/2021/ATTP-CNĐK","21/06/2021","21/06/2024"
"Công ty TNHH MTV Thực phẩm 5Tmarkets - ĐN 5","65 Vũ Ngọc Phan","0402060827-00007","231/2021/ATTP-ĐNa","21/06/2021","21/06/2024"
"Vinmart+ ĐN 16 - Chi nhánh Đà Nẵng - Công ty Cổ phần Dịch vụ Thương mại tổng hợp Vincommerce","71 Lê Hồng Phong","0104918404-009","221/2021/GCNATTP-ATTP","21/06/2021","21/06/2024"
"Công ty TNHH MTV Tiệp Hưng","359 Văn Tiến Dũng","0401742425","225/2021","21/06/2021","21/06/2024"
"Công ty TNHH Phương Ngân","Lô 1A.43, Khu Công viên Bắc tượng đài","0400512838","223/2021","21/06/2021","21/06/2024"
"Địa điểm kinh doanh The Cups Coffee FPT - Công ty TNHH Vietart Food & Beverage","Mặt bằng canteen tầng 4, Tòa nhà FPT Complex","0401820472","220/2021","21/06/2021","21/06/2024"
"Hộ kinh doanh Phương Nhạn","Bếp ăn tập thể tại Công ty Cổ phần MP Pack, đường số 6, Khu công nghiệp Hòa Khánh","32H8008489","224/2021","21/06/2021","21/06/2024"
"Vinmart+ ĐN 23 - Chi nhánh Đà Nẵng - Công ty Cổ phần Dịch vụ Thương mại tổng hợp Vincommerce","744 Lê Văn Hiến","0104918404-009","200/2021/GCNATTP-ATTP","14/06/2021","14/06/2024"
"Địa điểm kinh doanh Vinmart+ ĐN 167 - Chi nhánh Đà Nẵng - Công ty Cổ phần Dịch vụ Thương mại tổng hợp Vincommerce","179 Hồ Nghinh","0104918404-009","215/2021/GCNATTP-ATTP","14/06/2021","14/06/2024"
"Vinmart+ ĐN 1 - Chi nhánh Đà Nẵng - Công ty Cổ phần Dịch vụ Thương mại tổng hợp Vincommerce","A2-7, Khu dân cư nút giao thông Tuyên Sơn, Đường 2/9","0104918404-009","216/2021/GCNATTP-ATTP","14/06/2021","14/06/2024"
"Vinmart+ĐN 10 - Chi nhánh Đà Nẵng - Công ty Cổ phần Dịch vụ Thương mại tổng hợp Vincommerce","08 Chu Huy Mân","0104918404-009","210/2021/GCNATTP-ATTP","14/06/2021","14/06/2024"
"Hộ kinh doanh Bùi Thị Ánh Ngọc","Căn tin Công ty TNHH Sinaran - VN, Lô 22-28 đường số 5 KCN Đà Nẵng","32C8013053","217/2021/ATTP-CNĐK","14/06/2021","14/06/2024"
"Công ty Trách nhiệm hữu hạn Thương mại và Dịch vụ Vận tải Thanh Đông","33 Hà Huy Tập","0401848615","213/2021/ATTP-CNĐK","14/06/2021","14/06/2024"
"Công ty TNHH Thương mại và dịch vụ Nang Nang","23 An Nhơn 7","0401766313","214/2021/ATTP-CNĐK","14/06/2021","14/06/2024"
"Nhà hàng Fat Toni's - Chi nhánh Công ty TNHH B & B Ideas group tại Đà Nẵng","Thửa số 01, tờ bản đồ số B2.3, TĐC phía đông Xưởng 38 và Xưởng 387","0316563249-001","212/2021/ATTP-CNĐK","14/06/2021","14/06/2024"
"Hộ kinh doanh tạp hóa Xuân Đỗ","Thôn Đông Lâm","32F8007662","201/2021/ATTP-ĐNa","14/06/2021","14/06/2024"
"Cửa hàng KFC Nguyễn Văn Linh - Chi nhánh Công ty Liên doanh TNHH KFC Việt Nam tại thành phố Đà Nẵng","104 Nguyễn Văn Linh","0100773885-031","207/2021/ATTP-CNĐK","14/06/2021","14/06/2024"
"Hộ kinh doanh Lưu Thị Diệu","Căng tin số 1, Công ty TNHH Sinaran Việt Nam, KCN Đà Nẵng","32C8004350","206/2021/ATTP-CNĐK","14/06/2021","14/06/2024"
"Hộ kinh doanh Võ Thị Kiều Phương","Căn tin Công ty TNHH Sinaran Việt Nam, Lô số 22-28 đường số 5 KCN Đà Nẵng","32C8013326","205/2021/ATTP-CNĐK","14/06/2021","14/06/2024"
"Ban Quản lý Âu thuyền và Cảng cá Thọ Quang Đà Nẵng","18-20 Vân Đồn","","211/2021/ATTP-ĐNa","14/06/2021","14/06/2024"
"Công ty Trách nhiệm hữu hạn Vinatech Connect","số 2 đường 3 tháng 2","0401538571","209/2021/ATTP-ĐNa","14/06/2021","14/06/2024"
"Hộ kinh doanh Nguyễn Thị Thời","1054 Ngô Quyền","","202/2021/ATTP-ĐNa","14/06/2021","14/06/2024"
"Vinmart+ ĐN 20 - Chi nhánh Đà Nẵng - Công ty Cổ phần Dịch vụ Thương mại tổng hợp Vincommerce","55 Cao Thắng","0104918404-009","204/2021","14/06/2021","14/06/2024"
"Vinmart+ ĐN 17 - Chi nhánh Đà Nẵng - Công ty Cổ phần Dịch vụ Thương mại tổng hợp Vincommerce","47 Lý Thường Kiệt","0104918404-009","208/2021","14/06/2021","14/06/2024"
"Chris Cheese Hotdog - Công ty TNHH Tôi Là Chris","449 Hoàng Diệu","0402025011","203/2021","14/06/2021","14/06/2024"
"Công ty TNHH sản xuất - thương mại & dịch vụ Hương Tiến","39 Phạm Như Xương","0400480551","194/2021","07/06/2021","07/06/2024"
"Vinmart+ ĐN 60 - Chi nhánh Đà Nẵng - Công ty Cổ phần Dịch vụ Thương mại tổng hợp Vincommerce","47 Nguyễn Phong Sắc","0104918404-009","198/2021","07/06/2021","07/06/2024"
"Vinmart+ ĐN 3 - Chi nhánh Đà Nẵng - Công ty Cổ phần Dịch vụ Thương mại tổng hợp Vincommerce","114 Quang Trung","0104918404-009","196/2021","07/06/2021","07/06/2024"
"Vinmart+ ĐN 7 - Chi nhánh Đà Nẵng - Công ty Cổ phần dịch vụ thương mại tổng hợp Vincommerce","134 Đường 3/2","0104918404-009","193/2021","07/06/2021","07/06/2024"
"Trung tâm kinh doanh dịch vụ hàng không - Công ty Cổ phần dịch vụ hàng không Taseco Đà Nẵng","Sân bay Quốc tế Đà Nẵng","0401698656","195/2021","07/06/2021","07/06/2024"
"Công ty TNHH Thương mại và Dịch vụ DAN","151/100/30 Âu Cơ","0402095065","199/2021","07/06/2021","07/06/2024"
"Địa điểm kinh doanh Công ty TNHH Ivegan Vietnam","Lô 31, An Thượng 4","0109390848","197/2021","07/06/2021","07/06/2024"
"Chi nhánh Đà Nẵng - Công ty Cổ phần dịch vụ thương mại tổng hợp Vincomerce","Tổ hợp khách sạn, Trung tâm thương mại Riverview Complex Đà Nẵng, đường Ngô Quyền","0104918404-009","191/2021.GCNATTP-ATTP","24/05/2021","24/05/2024"
"Địa điểm kinh doanh Winmart+ ĐNG 141 - Chi nhánh Đà Nẵng - Công ty Cổ phần dịch vụ thương mại tổng hợp Wincommerce","296 Nguyễn Hoàng","0104918404-009","192/GCNATTP-ATTP","24/05/2021","24/05/2024"
"Kho bãi - Công ty TNHH Đức Thịnh","07-09 Lê Vĩnh Khanh","0400545752","189/2021/ATTP-ĐNa","24/05/2021","24/05/2024"
"Công ty TNHH Phương Trúc Vườn","85 Duy Tân","0401782812","190/2021","24/05/2021","24/05/2024"
"Hộ kinh doanh Molavi","Thửa đất số 33, Tờ bản đồ số 228, TĐC tiếp giáp về Phía tây Khu đô thị Công nghệ FPT","32D8009427","187/2021/ATTP-CNĐK","18/05/2021","18/05/2024"
"Hộ kinh doanh Mai Văn Sơn","Tổ 47 (TĐS:285, TBĐ:158)","32E8009431","188/2021","18/05/2021","18/05/2024"
"Công ty TNHH MTV Chestnut Hill Bakery","82 Ngô Gia Tự","0401867103","181/2021/GCNATTP-ATTP","10/05/2021","10/05/2024"
"Công ty TNHH Kong 72 Concepts - Shake'em Buns","76 An Thượng 21","0402025967","185/2021/ATTP-CNĐK","10/05/2021","10/05/2024"
"Hộ Kinh doanh Nguyễn Quang Khoa","Bếp ăn tập thể tại phân xưởng - Công ty TNHH Matrix Việt Nam, Đường số 2, Khu công nghiệp Hòa Cầm","32E8009469","182/2021/ATTP-CNĐK","10/05/2021","10/05/2024"
"Công ty TNHH Một thành viên Si Quán","Lô 1404-1405 Xô Viết Nghệ Tĩnh","0401729262","183/2021","10/05/2021","10/05/2024"
"Si Quán - Công ty TNHH Một thành viên Si Quán","Lô 1399-1400-1401 Xô Viết Nghệ Tĩnh","0401729262","184/2021","10/05/2021","10/05/2024"
"Địa điểm kinh doanh Vinmart+ ĐN 173 - Chi nhánh Đà Nẵng - Công ty Cổ phần dịch vụ thương mại tổng hợp Vincomerce","35 Lý Thường Kiệt","0104918404-009","186/2021","10/05/2021","10/05/2024"
"Công ty TNHH Một thành viên Bảy Nga","62B Bắc Sơn","0402088526","180/2021","10/05/2021","10/05/2024"
"Chi nhánh Đà Nẵng - Công ty TNHH Sản xuất thương mại rau quả thực phẩm an toàn","298 Diên Hồng","0311668061-002","179/2021","10/05/2021","10/05/2024"
"Nhà hàng Yến Thành II - Doanh nghiệp tư nhân Thành Yến","75 Lê Tấn Trung","0400109361","171/2021","04/05/2021","04/05/2024"
"Cửa hàng 1 - Địa điểm kinh doanh Công ty TNHH Một thành viên Ngọc Khánh Vinh","Lô 26 Khu LK5, Khu đô thị Hòa Quý","0400625630","172/2021","04/05/2021","04/05/2024"
"Công ty TNHH Một thành viên Tâm Thuận Phát","528 đường Nguyễn Phước Nguyên","0401863211","173/2021","04/05/2021","04/05/2024"
"Công ty TNHH Gió Đồng Quán","Thôn An Ngãi Tây","0402064148","166/2021","04/05/2021","04/05/2024"
"Địa điểm kinh doanh - Cửa hàng bán buôn tổng hợp - Chi nhánh Công ty TNHH Moonmilk","số 55 đường Ngô Thì Sỹ","4201570744","175/2021","04/05/2021","04/05/2024"
"Công ty TNHH Ông Tạ","01 Lý Văn Tố","0402091945","178/2021","04/05/2021","04/05/2024"
"Địa điểm kinh doanh H2 - Công ty TNHH Dịch vụ năng lượng Vương Thinh Phát","Lô A90 đường 30/4","0401874375","177/2021","04/05/2021","04/05/2024"
"Công ty TNHH Thực phẩm Top Việt","Lô C1-10, C1-11 đường Phạm Văn Xảo, Khu công nghiệp dịch vụ thủy sản Thọ Quang","0402069731","174/2021","04/05/2021","04/05/2024"
"Công ty Cổ phần Quê Việt","Tổ 26","0400480826","169/2021","04/05/2021","04/05/2024"
"Hộ kinh doanh sản xuất nước tinh khiết 4RH","tổ 36 Đông Trà","32D8009276","176/2021","04/05/2021","04/05/2024"
"Công ty TNHH Vegan Sublime","21 Đa Phước 9","0402077919","167/2021","04/05/2021","04/05/2024"
"Công ty TNHH MTV thực phẩm Tín Toàn","32 Mỹ Đa Đông 3","0402090500","168/2021","04/05/2021","04/05/2024"
"Công ty TNHH Một thành viên Dalin Food","Lô 1281 Khu B1.36 (Khu dân cư Tây Nam Hòa Cường)","0402023303","170/2021","04/05/2021","04/05/2024"
"Vinmart+ ĐN 56 - Chi nhánh Đà Nẵng - Công ty Cổ phần Dịch vụ Thương mại tổng hợp Vincommerce","45 Nguyễn Đình Tứ","0104918404-009","160/2021","26/04/2021","26/04/2024"
"Chi nhánh Công ty TNHH Thương mại và Dịch vụ Hợp Lợi Phát","71-73-75 Nguyễn Tất Thành","0400519657-002","162/2021","26/04/2021","26/04/2024"
